Workbook

Sheet LINHA 093 DOM
B2: 15/02/2026 - SEM COBRADOR | C2: QUADRO OPERACIONAL, DOMINGO, LINHA 093 | P2: FREQUÊNCIA DA LINHA 093
C3: 0.013888889 | D3: 1º TURNO | P3: DOMINGO
D4: TAB - 0101 | J4: TAB - 0102 | P4: =CONCATENATE(COUNT(P6:P16,R6:R16)," VIAGENS") -> 21 VIAGENS | U4: TAB - 0103 | AB4: TAB - 0202
C5: DESLOCAMENTO | D5: IDA | E5: VOLTA | F5: TÉRM. | G5: T. VIAG. | H5: LINHA | I5: VEIC. | J5: IDA | K5: VOLTA | L5: TÉRM. | M5: T. VIAG. | N5: LINHA | O5: VEIC. | P5: HORA | Q5: FREQ. | R5: HORA | S5: FREQ. | U5: IDA | V5: VOLTA | W5: TÉRM. | X5: T. VIAG. | Y5: LINHA | Z5: VEIC. | AB5: IDA | AC5: VOLTA | AD5: TÉRM. | AE5: T. VIAG. | AF5: LINHA | AG5: VEIC.
D6: 0.1875 | E6: 0.20416667 | F6: 0.22222222 | G6: =F6-D6 -> 0.034722222 | H6: 93 | I6: 1 | J6: 0.20833333 | K6: 0.22569444 | L6: 0.24375 | M6: =L6-J6 -> 0.035416667 | N6: 93 | O6: 2 | P6: 0.1875 | R6: 0.575 | S6: =R6-P16 -> 0.058333333 | U6: 0.27708333 | V6: 0.29513889 | W6: 0.31388889 | X6: =W6-U6 -> 0.036805556 | Y6: 93 | Z6: 3 | AB6: 0.71527778 | AC6: 0.73541667 | AD6: 0.75972222 | AE6: =AD6-AB6 -> 0.044444444 | AF6: 93 | AG6: 1
D7: 0.22916667 | E7: 0.24652778 | F7: 0.26458333 | G7: =F7-D7 -> 0.035416667 | H7: 93 | I7: 1 | J7: 0.25069444 | K7: 0.26875 | L7: 0.28819444 | M7: =L7-J7 -> 0.0375 | N7: 93 | O7: 2 | P7: 0.20833333 | Q7: =P7-P6 -> 0.020833333 | R7: 0.63333333 | S7: =R7-R6 -> 0.058333333 | U7: CONVENCIONAL AR | AB7: 0.77638889 | AC7: 0.79722222 | AD7: 0.81666667 | AE7: =AD7-AB7 -> 0.040277778 | AF7: 93 | AG7: 1
D8: 0.27083333 | E8: 0.29305556 | F8: 0.3125 | G8: =F8-D8 -> 0.041666667 | H8: 94 | I8: 1 | J8: 0.29861111 | K8: 0.31597222 | L8: 0.33472222 | M8: =L8-J8 -> 0.036111111 | N8: 93 | O8: 2 | P8: 0.22916667 | Q8: =P8-P7 -> 0.020833333 | R8: 0.66666667 | S8: =R8-R7 -> 0.033333333 | AB8: CONVENCIONAL AR
D9: 0.325 | E9: 0.34236111 | F9: 0.36180556 | G9: =F9-D9 -> 0.036805556 | H9: 93 | I9: 1 | J9: 0.35138889 | K9: 0.36875 | L9: 0.38819444 | M9: =L9-J9 -> 0.036805556 | N9: 93 | O9: 2 | P9: 0.25069444 | Q9: =P9-P8 -> 0.021527778 | R9: 0.69097222 | S9: =R9-R8 -> 0.024305556
D10: =IF(F9="",E9,F9) -> 0.36180556 | F10: =IF(D11="",E11,D11) -> 0.41041667 | H10: =F10-D10 -> 0.048611111 | J10: =IF(L9="",K9,L9) -> 0.38819444 | L10: =IF(J11="",K11,J11) -> 0.43680556 | N10: =L10-J10 -> 0.048611111 | P10: 0.27708333 | Q10: =P10-P9 -> 0.026388889 | R10: 0.71527778 | S10: =R10-R9 -> 0.024305556 | AB10: TAB - 0203
D11: 0.41041667 | E11: 0.43194444 | F11: 0.45277778 | G11: =F11-D11 -> 0.042361111 | H11: 93 | I11: 1 | J11: 0.43680556 | K11: 0.46527778 | L11: 0.48541667 | M11: =L11-J11 -> 0.048611111 | N11: 94 | O11: 2 | P11: 0.29861111 | Q11: =P11-P10 -> 0.021527778 | R11: 0.74583333 | S11: =R11-R10 -> 0.030555556 | AB11: IDA | AC11: VOLTA | AD11: TÉRM. | AE11: T. VIAG. | AF11: LINHA | AG11: VEIC.
D12: 0.46527778 | E12: 0.48541667 | F12: 0.50486111 | G12: =F12-D12 -> 0.039583333 | H12: 93 | I12: 1 | J12: 0.51041667 | K12: 0.53125 | L12: 0.55 | M12: =L12-J12 -> 0.039583333 | N12: 94 | O12: 2 | P12: 0.325 | Q12: =P12-P11 -> 0.026388889 | R12: 0.77638889 | S12: =R12-R11 -> 0.030555556 | AB12: 0.66666667 | AC12: 0.68958333 | AD12: 0.71180556 | AE12: 0.045138889 | AF12: 93 | AG12: 3
D13: 0.51666667 | E13: 0.53402778 | F13: 0.55347222 | G13: =F13-D13 -> 0.036805556 | H13: 93 | I13: 1 | P13: 0.35138889 | Q13: =P13-P12 -> 0.026388889 | R13: 0.85416667 | S13: =R13-R12 -> 0.077777778 | AB13: 0.88541667 | AC13: 0.90486111 | AD13: 0.92361111 | AE13: 0.038194444 | AF13: 93 | AG13: 3
D14: CONVENCIONAL AR | J14: CONVENCIONAL AR | P14: 0.41041667 | Q14: =P14-P13 -> 0.059027778 | R14: 0.88541667 | S14: =R14-R13 -> 0.03125 | AB14: 0.93055556 | AC14: 0.94861111 | AD14: 0.96597222 | AE14: 0.035416667 | AF14: 93 | AG14: 3
C15: JORN. | D15: =MAX(E6:F13)-IF(D6="",E6,D6)-MIN(H6:H12)+$C3 -> 0.33125 | H15: =OFFSET(H5,MATCH(MIN(H6:H12),H6:H12,0),-4)-IF(D6="",E6,D6)+$C3 -> 0.18819444 | J15: =MAX(K6:L13)-IF(J6="",K6,J6)-MIN(N6:N12)+$C$3 -> 0.30694444 | N15: =OFFSET(N5,MATCH(MIN(N6:N12),N6:N12,0),-4)-IF(J6="",K6,J6)+$C3 -> 0.19375 | P15: 0.46527778 | Q15: =P15-P14 -> 0.054861111 | R15: 0.93055556 | S15: =R15-R14 -> 0.045138889 | AB15: CONVENCIONAL AR
C16: 0.013888889 | D16: 2º TURNO | P16: 0.51666667 | Q16: =P16-P15 -> 0.051388889
D17: TAB - 0201
C18: DESLOCAMENTO | D18: IDA | E18: VOLTA | F18: TÉRM. | G18: T. VIAG. | H18: LINHA | I18: VEIC.
D19: 0.575 | E19: 0.59930556 | F19: 0.62083333 | G19: =F19-D19 -> 0.045833333 | H19: 93 | I19: 2
D20: 0.63333333 | E20: 0.65416667 | F20: 0.675 | G20: =F20-D20 -> 0.041666667 | H20: 93 | I20: 2
D21: 0.69097222 | E21: 0.71388889 | F21: 0.73819444 | G21: =F21-D21 -> 0.047222222 | H21: 93 | I21: 2
D22: 0.74583333 | E22: 0.76597222 | F22: 0.79027778 | G22: =F22-D22 -> 0.044444444 | H22: 93 | I22: 2
D23: =IF(F22="",E22,F22) -> 0.79027778 | F23: =IF(D24="",E24,D24) -> 0.85416667 | H23: =F23-D23 -> 0.063888889
D24: 0.85416667 | E24: 0.875 | F24: 0.89652778 | G24: =F24-D24 -> 0.042361111 | H24: 93 | I24: 2
D25: CONVENCIONAL AR
C26: JORN. | D26: =MAX(E19:F24)-IF(D19="",E19,D19)-MIN(H19:H24)+$C16 -> 0.27152778 | H26: =OFFSET(H18,MATCH(MIN(H19:H24),H19:H24,0),-4)-IF(D19="",E19,D19) -> 0.21527778
J28: VIAGEM REALIZADA POR OPERADOR DA LINHA 094

Sheet LINHA 094 DOM
B2: 15/02/2026 - SEM COBRADOR | C2: QUADRO OPERACIONAL, DOMINGO, LINHA 094 | P2: FREQUÊNCIA DA LINHA 094
C3: 0.013888889 | D3: 1º TURNO | P3: DOMINGO
D4: TAB - 0101 | P4: =CONCATENATE(COUNT(P6:P13,R6:R13)," VIAGENS") -> 15 VIAGENS | U4: TAB - 0102
C5: DESLOCAMENTO | D5: IDA | E5: VOLTA | F5: TÉRM. | G5: T. VIAG. | H5: LINHA | I5: VEIC. | P5: HORA | Q5: FREQ. | R5: HORA | S5: FREQ. | U5: IDA | V5: VOLTA | W5: TÉRM. | X5: T. VIAG. | Y5: LINHA | Z5: VEIC.
D6: 0.22222222 | E6: 0.24513889 | F6: 0.26527778 | G6: =F6-D6 -> 0.043055556 | H6: 94 | I6: 3 | P6: 0.22222222 | R6: 0.58194444 | S6: =R6-P13 -> 0.035416667 | U6: 0.27083333 | V6: 0.29305556 | W6: 0.3125 | X6: =W6-U6 -> 0.041666667 | Y6: 94 | Z6: 1
D7: 0.27708333 | E7: 0.29513889 | F7: 0.31388889 | G7: =F7-D7 -> 0.036805556 | H7: 93 | I7: 3 | P7: 0.27083333 | Q7: =P7-P6 -> 0.048611111 | R7: 0.61666667 | S7: =R7-R6 -> 0.034722222 | U7: CONVENCIONAL AR
D8: 0.31944444 | E8: 0.34305556 | F8: 0.36180556 | G8: =F8-D8 -> 0.042361111 | H8: 94 | I8: 3 | P8: 0.31944444 | Q8: =P8-P7 -> 0.048611111 | R8: 0.65138889 | S8: =R8-R7 -> 0.034722222
D9: 0.36805556 | E9: 0.39166667 | F9: 0.4125 | G9: =F9-D9 -> 0.044444444 | H9: 94 | I9: 3 | P9: 0.36805556 | Q9: =P9-P8 -> 0.048611111 | R9: 0.72291667 | S9: =R9-R8 -> 0.071527778 | U9: TAB - 0103
D10: =IF(F9="",E9,F9) -> 0.4125 | F10: =IF(D11="",E11,D11) -> 0.475 | H10: =F10-D10 -> 0.0625 | P10: 0.43680556 | Q10: =P10-P9 -> 0.06875 | R10: 0.78541667 | S10: =R10-R9 -> 0.0625 | U10: IDA | V10: VOLTA | W10: TÉRM. | X10: T. VIAG. | Y10: LINHA | Z10: VEIC.
D11: 0.475 | E11: 0.50069444 | F11: 0.52083333 | G11: =F11-D11 -> 0.045833333 | H11: 94 | I11: 3 | P11: 0.475 | Q11: =P11-P10 -> 0.038194444 | R11: 0.87152778 | S11: =R11-R10 -> 0.086111111 | U11: 0.43680556 | V11: 0.46527778 | W11: 0.48541667 | X11: =W11-U11 -> 0.048611111 | Y11: 94 | Z11: 2
D12: 0.54652778 | E12: 0.57013889 | F12: 0.59236111 | G12: =F12-D12 -> 0.045833333 | H12: 94 | I12: 3 | P12: 0.51041667 | Q12: =P12-P11 -> 0.035416667 | R12: 0.92708333 | S12: =R12-R11 -> 0.055555556 | U12: 0.51041667 | V12: 0.53125 | W12: 0.55 | X12: =W12-U12 -> 0.039583333 | Y12: 94 | Z12: 2
D13: CONVENCIONAL AR | P13: 0.54652778 | Q13: =P13-P12 -> 0.036111111 | U13: CONVENCIONAL AR
C14: JORN. | D14: =MAX(E6:F12)-IF(D6="",E6,D6)-MIN(H6:H12)+$C3 -> 0.32152778 | H14: =OFFSET(H5,MATCH(MIN(H6:H12),H6:H12,0),-4)-IF(D6="",E6,D6)+$C3 -> 0.20416667
C15: 0.013888889 | D15: 2º TURNO
D16: TAB - 0201 | J16: TAB - 0202
C17: DESLOCAMENTO | D17: IDA | E17: VOLTA | F17: TÉRM. | G17: T. VIAG. | H17: LINHA | I17: VEIC. | J17: IDA | K17: VOLTA | L17: TÉRM. | M17: T. VIAG. | N17: LINHA | O17: VEIC.
D18: 0.58194444 | E18: 0.60763889 | F18: 0.63125 | G18: =F18-D18 -> 0.049305556 | H18: 94 | I18: 1 | J18: 0.61666667 | K18: 0.63819444 | L18: 0.65902778 | M18: =L18-J18 -> 0.042361111 | N18: 94 | O18: 3
D19: 0.65138889 | E19: 0.67430556 | F19: 0.69652778 | G19: =F19-D19 -> 0.045138889 | H19: 94 | I19: 1 | J19: 0.66666667 | K19: 0.68958333 | L19: 0.71180556 | M19: =L19-J19 -> 0.045138889 | N19: 93 | O19: 3
D20: 0.71527778 | E20: 0.73541667 | F20: 0.75972222 | G20: =F20-D20 -> 0.044444444 | H20: 93 | I20: 1 | J20: 0.72291667 | K20: 0.74930556 | L20: 0.77708333 | M20: =L20-J20 -> 0.054166667 | N20: 94 | O20: 3
D21: 0.77638889 | E21: 0.79722222 | F21: 0.81666667 | G21: =F21-D21 -> 0.040277778 | H21: 93 | I21: 1 | J21: 0.78541667 | K21: 0.8125 | L21: 0.83680556 | M21: =L21-J21 -> 0.051388889 | N21: 94 | O21: 3
D22: =IF(F21="",E21,F21) -> 0.81666667 | F22: =IF(D23="",E23,D23) -> 0.87152778 | H22: =F22-D22 -> 0.054861111 | J22: =IF(L21="",K21,L21) -> 0.83680556 | L22: =IF(J23="",K23,J23) -> 0.88541667 | N22: =L22-J22 -> 0.048611111
D23: 0.87152778 | E23: 0.89375 | F23: 0.9125 | G23: =F23-D23 -> 0.040972222 | H23: 94 | I23: 1 | J23: 0.88541667 | K23: 0.90486111 | L23: 0.92361111 | M23: =L23-J23 -> 0.038194444 | N23: 93 | O23: 3
D24: 0.92708333 | E24: 0.94583333 | F24: 0.96319444 | G24: =F24-D24 -> 0.036111111 | H24: 94 | I24: 1 | J24: 0.93055556 | K24: 0.94861111 | L24: 0.96597222 | M24: =L24-J24 -> 0.035416667 | N24: 93 | O24: 3
D25: CONVENCIONAL AR | J25: CONVENCIONAL AR
C26: JORN. | D26: =MAX(E18:F24)-IF(D18="",E18,D18)-MIN(H18:H24)+$C15 -> 0.34027778 | H26: =OFFSET(H17,MATCH(MIN(H18:H24),H18:H24,0),-4)-IF(D18="",E18,D18) -> 0.23472222 | J26: =MAX(K18:L24)-IF(J18="",K18,J18)-MIN(N18:N24)+$C15 -> 0.31458333 | N26: =OFFSET(N17,MATCH(MIN(N18:N24),N18:N24,0),-4)-IF(J18="",K18,J18) -> 0.22013889
J28: VIAGEM REALIZADA POR OPERADOR DA LINHA 093

Sheet SÁB
B2: 00/00/0000 | C2: QUADRO OPERACIONAL, SÁBADO, LINHA | EF2: FREQUÊNCIA DA LINHA
C3: 0 | D3: 1º TURNO | EF3: SÁBADO
D4: TAB - 0101 | J4: TAB - 0102 | P4: TAB - 0103 | V4: TAB - 0104 | AB4: TAB - 0105 | AH4: TAB - 0106 | AN4: TAB - 0107 | AT4: TAB - 0108 | AZ4: TAB - 0109 | BF4: TAB - 0110 | BL4: TAB - 0111 | BR4: TAB - 0112 | BX4: TAB - 0113 | CD4: TAB - 0114 | CJ4: TAB - 0115 | CP4: TAB - 0116 | CV4: TAB - 0117 | DB4: TAB - 0118 | DH4: TAB - 0119 | DN4: TAB - 0120 | DT4: TAB - 0121 | DZ4: TAB - 0122 | EF4: =CONCATENATE(COUNT(EF6:EF62,EH6:EH62)," VIAGENS") -> 0 VIAGENS
C5: DESLOCAMENTO | D5: IDA | E5: VOLTA | F5: TÉRM. | G5: T. VIAG. | H5: LINHA | I5: VEIC. | J5: IDA | K5: VOLTA | L5: TÉRM. | M5: T. VIAG. | N5: LINHA | O5: VEIC. | P5: IDA | Q5: VOLTA | R5: TÉRM. | S5: T. VIAG. | T5: LINHA | U5: VEIC. | V5: IDA | W5: VOLTA | X5: TÉRM. | Y5: T. VIAG. | Z5: LINHA | AA5: VEIC. | AB5: IDA | AC5: VOLTA | AD5: TÉRM. | AE5: T. VIAG. | AF5: LINHA | AG5: VEIC. | AH5: IDA | AI5: VOLTA | AJ5: TÉRM. | AK5: T. VIAG. | AL5: LINHA | AM5: VEIC. | AN5: IDA | AO5: VOLTA | AP5: TÉRM. | AQ5: T. VIAG. | AR5: LINHA | AS5: VEIC. | AT5: IDA | AU5: VOLTA | AV5: TÉRM. | AW5: T. VIAG. | AX5: LINHA | AY5: VEIC. | AZ5: IDA | BA5: VOLTA | BB5: TÉRM. | BC5: T. VIAG. | BD5: LINHA | BE5: VEIC. | BF5: IDA | BG5: VOLTA | BH5: TÉRM. | BI5: T. VIAG. | BJ5: LINHA | BK5: VEIC. | BL5: IDA | BM5: VOLTA | BN5: TÉRM. | BO5: T. VIAG. | BP5: LINHA | BQ5: VEIC. | BR5: IDA | BS5: VOLTA | BT5: TÉRM. | BU5: T. VIAG. | BV5: LINHA | BW5: VEIC. | BX5: IDA | BY5: VOLTA | BZ5: TÉRM. | CA5: T. VIAG. | CB5: LINHA | CC5: VEIC. | CD5: IDA | CE5: VOLTA | CF5: TÉRM. | CG5: T. VIAG. | CH5: LINHA | CI5: VEIC. | CJ5: IDA | CK5: VOLTA | CL5: TÉRM. | CM5: T. VIAG. | CN5: LINHA | CO5: VEIC. | CP5: IDA | CQ5: VOLTA | CR5: TÉRM. | CS5: T. VIAG. | CT5: LINHA | CU5: VEIC. | CV5: IDA | CW5: VOLTA | CX5: TÉRM. | CY5: T. VIAG. | CZ5: LINHA | DA5: VEIC. | DB5: IDA | DC5: VOLTA | DD5: TÉRM. | DE5: T. VIAG. | DF5: LINHA | DG5: VEIC. | DH5: IDA | DI5: VOLTA | DJ5: TÉRM. | DK5: T. VIAG. | DL5: LINHA | DM5: VEIC. | DN5: IDA | DO5: VOLTA | DP5: TÉRM. | DQ5: T. VIAG. | DR5: LINHA | DS5: VEIC. | DT5: IDA | DU5: VOLTA | DV5: TÉRM. | DW5: T. VIAG. | DX5: LINHA | DY5: VEIC. | DZ5: IDA | EA5: VOLTA | EB5: TÉRM. | EC5: T. VIAG. | ED5: LINHA | EE5: VEIC. | EF5: HORA | EG5: FREQ. | EH5: HORA | EI5: FREQ.
EG7: =EF7-EF6 -> 0
D14: 0 | J14: 0 | P14: 0 | V14: 0 | AB14: 0 | AH14: 0 | AN14: 0 | AT14: 0 | AZ14: 0 | BF14: 0 | BL14: 0 | BR14: 0 | BX14: 0 | CD14: 0 | CJ14: 0 | CP14: 0 | CV14: 0 | DB14: 0 | DH14: 0 | DN14: 0 | DT14: 0 | DZ14: 0
C15: JORN. | D15: =MAX(E6:F13)-IF(D6="",E6,D6)-MIN(H6:H12)+$C3 -> 0 | H15: =OFFSET(H5,MATCH(MIN(H6:H12),H6:H12,0),-4)-IF(D6="",E6,D6)+$C3 -> #N/A | J15: =MAX(K6:L13)-IF(J6="",K6,J6)-MIN(N6:N12)+$C$3 -> 0 | N15: =OFFSET(N5,MATCH(MIN(N6:N12),N6:N12,0),-4)-IF(J6="",K6,J6)+$C3 -> #N/A | P15: =MAX(Q6:R13)-IF(P6="",Q6,P6)-MIN(T6:T12)+$C$3 -> 0 | T15: =OFFSET(T5,MATCH(MIN(T6:T12),T6:T12,0),-4)-IF(P6="",Q6,P6)+$C3 -> #N/A | V15: =MAX(W6:X13)-IF(V6="",W6,V6)-MIN(Z6:Z12)+$C$3 -> 0 | Z15: =OFFSET(Z5,MATCH(MIN(Z6:Z12),Z6:Z12,0),-4)-IF(V6="",W6,V6)+$C3 -> #N/A | AB15: =MAX(AC6:AD13)-IF(AB6="",AC6,AB6)-MIN(AF6:AF12)+$C$3 -> 0 | AF15: =OFFSET(AF5,MATCH(MIN(AF6:AF12),AF6:AF12,0),-4)-IF(AB6="",AC6,AB6)+$C3 -> #N/A | AH15: =MAX(AI6:AJ13)-IF(AH6="",AI6,AH6)-MIN(AL6:AL12)+$C$3 -> 0 | AL15: =OFFSET(AL5,MATCH(MIN(AL6:AL12),AL6:AL12,0),-4)-IF(AH6="",AI6,AH6)+$C3 -> #N/A | AN15: =MAX(AO6:AP13)-IF(AN6="",AO6,AN6)-MIN(AR6:AR12)+$C$3 -> 0 | AR15: =OFFSET(AR5,MATCH(MIN(AR6:AR12),AR6:AR12,0),-4)-IF(AN6="",AO6,AN6)+$C3 -> #N/A | AT15: =MAX(AU6:AV13)-IF(AT6="",AU6,AT6)-MIN(AX6:AX12)+$C$3 -> 0 | AX15: =OFFSET(AX5,MATCH(MIN(AX6:AX12),AX6:AX12,0),-4)-IF(AT6="",AU6,AT6)+$C3 -> #N/A | AZ15: =MAX(BA6:BB13)-IF(AZ6="",BA6,AZ6)-MIN(BD6:BD12)+$C$3 -> 0 | BD15: =OFFSET(BD5,MATCH(MIN(BD6:BD12),BD6:BD12,0),-4)-IF(AZ6="",BA6,AZ6)+$C3 -> #N/A | BF15: =MAX(BG6:BH13)-IF(BF6="",BG6,BF6)-MIN(BJ6:BJ12)+$C$3 -> 0 | BJ15: =OFFSET(BJ5,MATCH(MIN(BJ6:BJ12),BJ6:BJ12,0),-4)-IF(BF6="",BG6,BF6)+$C3 -> #N/A | BL15: =MAX(BM6:BN13)-IF(BL6="",BM6,BL6)-MIN(BP6:BP12)+$C$3 -> 0 | BP15: =OFFSET(BP5,MATCH(MIN(BP6:BP12),BP6:BP12,0),-4)-IF(BL6="",BM6,BL6)+$C3 -> #N/A | BR15: =MAX(BS6:BT13)-IF(BR6="",BS6,BR6)-MIN(BV6:BV12)+$C$3 -> 0 | BV15: =OFFSET(BV5,MATCH(MIN(BV6:BV12),BV6:BV12,0),-4)-IF(BR6="",BS6,BR6)+$C3 -> #N/A | BX15: =MAX(BY6:BZ13)-IF(BX6="",BY6,BX6)-MIN(CB6:CB12)+$C$3 -> 0 | CB15: =OFFSET(CB5,MATCH(MIN(CB6:CB12),CB6:CB12,0),-4)-IF(BX6="",BY6,BX6)+$C3 -> #N/A | CD15: =MAX(CE6:CF13)-IF(CD6="",CE6,CD6)-MIN(CH6:CH12)+$C$3 -> 0 | CH15: =OFFSET(CH5,MATCH(MIN(CH6:CH12),CH6:CH12,0),-4)-IF(CD6="",CE6,CD6)+$C3 -> #N/A | CJ15: =MAX(CK6:CL13)-IF(CJ6="",CK6,CJ6)-MIN(CN6:CN12)+$C$3 -> 0 | CN15: =OFFSET(CN5,MATCH(MIN(CN6:CN12),CN6:CN12,0),-4)-IF(CJ6="",CK6,CJ6)+$C3 -> #N/A | CP15: =MAX(CQ6:CR13)-IF(CP6="",CQ6,CP6)-MIN(CT6:CT12)+$C$3 -> 0 | CT15: =OFFSET(CT5,MATCH(MIN(CT6:CT12),CT6:CT12,0),-4)-IF(CP6="",CQ6,CP6)+$C3 -> #N/A | CV15: =MAX(CW6:CX13)-IF(CV6="",CW6,CV6)-MIN(CZ6:CZ12)+$C$3 -> 0 | CZ15: =OFFSET(CZ5,MATCH(MIN(CZ6:CZ12),CZ6:CZ12,0),-4)-IF(CV6="",CW6,CV6)+$C3 -> #N/A | DB15: =MAX(DC6:DD13)-IF(DB6="",DC6,DB6)-MIN(DF6:DF12)+$C$3 -> 0 | DF15: =OFFSET(DF5,MATCH(MIN(DF6:DF12),DF6:DF12,0),-4)-IF(DB6="",DC6,DB6)+$C3 -> #N/A | DH15: =MAX(DI6:DJ13)-IF(DH6="",DI6,DH6)-MIN(DL6:DL12)+$C$3 -> 0 | DL15: =OFFSET(DL5,MATCH(MIN(DL6:DL12),DL6:DL12,0),-4)-IF(DH6="",DI6,DH6)+$C3 -> #N/A | DN15: =MAX(DO6:DP13)-IF(DN6="",DO6,DN6)-MIN(DR6:DR12)+$C$3 -> 0 | DR15: =OFFSET(DR5,MATCH(MIN(DR6:DR12),DR6:DR12,0),-4)-IF(DN6="",DO6,DN6)+$C3 -> #N/A | DT15: =MAX(DU6:DV13)-IF(DT6="",DU6,DT6)-MIN(DX6:DX12)+$C$3 -> 0 | DX15: =OFFSET(DX5,MATCH(MIN(DX6:DX12),DX6:DX12,0),-4)-IF(DT6="",DU6,DT6)+$C3 -> #N/A | DZ15: =MAX(EA6:EB13)-IF(DZ6="",EA6,DZ6)-MIN(ED6:ED12)+$C$3 -> 0 | ED15: =OFFSET(ED5,MATCH(MIN(ED6:ED12),ED6:ED12,0),-4)-IF(DZ6="",EA6,DZ6)+$C3 -> #N/A
C16: 0 | D16: 2º TURNO
D17: TAB - 0201 | J17: TAB - 0202 | P17: TAB - 0203 | V17: TAB - 0204 | AB17: TAB - 0205 | AH17: TAB - 0206 | AN17: TAB - 0207 | AT17: TAB - 0208 | AZ17: TAB - 0209 | BF17: TAB - 0210 | BL17: TAB - 0211 | BR17: TAB - 0212 | BX17: TAB - 0213 | CD17: TAB - 0214 | CJ17: TAB - 0215 | CP17: TAB - 0216 | CV17: TAB - 0217 | DB17: TAB - 0218 | DH17: TAB - 0219 | DN17: TAB - 0220 | DT17: TAB - 0221 | DZ17: TAB - 0222
C18: DESLOCAMENTO | D18: IDA | E18: VOLTA | F18: TÉRM. | G18: T. VIAG. | H18: LINHA | I18: VEIC. | J18: IDA | K18: VOLTA | L18: TÉRM. | M18: T. VIAG. | N18: LINHA | O18: VEIC. | P18: IDA | Q18: VOLTA | R18: TÉRM. | S18: T. VIAG. | T18: LINHA | U18: VEIC. | V18: IDA | W18: VOLTA | X18: TÉRM. | Y18: T. VIAG. | Z18: LINHA | AA18: VEIC. | AB18: IDA | AC18: VOLTA | AD18: TÉRM. | AE18: T. VIAG. | AF18: LINHA | AG18: VEIC. | AH18: IDA | AI18: VOLTA | AJ18: TÉRM. | AK18: T. VIAG. | AL18: LINHA | AM18: VEIC. | AN18: IDA | AO18: VOLTA | AP18: TÉRM. | AQ18: T. VIAG. | AR18: LINHA | AS18: VEIC. | AT18: IDA | AU18: VOLTA | AV18: TÉRM. | AW18: T. VIAG. | AX18: LINHA | AY18: VEIC. | AZ18: IDA | BA18: VOLTA | BB18: TÉRM. | BC18: T. VIAG. | BD18: LINHA | BE18: VEIC. | BF18: IDA | BG18: VOLTA | BH18: TÉRM. | BI18: T. VIAG. | BJ18: LINHA | BK18: VEIC. | BL18: IDA | BM18: VOLTA | BN18: TÉRM. | BO18: T. VIAG. | BP18: LINHA | BQ18: VEIC. | BR18: IDA | BS18: VOLTA | BT18: TÉRM. | BU18: T. VIAG. | BV18: LINHA | BW18: VEIC. | BX18: IDA | BY18: VOLTA | BZ18: TÉRM. | CA18: T. VIAG. | CB18: LINHA | CC18: VEIC. | CD18: IDA | CE18: VOLTA | CF18: TÉRM. | CG18: T. VIAG. | CH18: LINHA | CI18: VEIC. | CJ18: IDA | CK18: VOLTA | CL18: TÉRM. | CM18: T. VIAG. | CN18: LINHA | CO18: VEIC. | CP18: IDA | CQ18: VOLTA | CR18: TÉRM. | CS18: T. VIAG. | CT18: LINHA | CU18: VEIC. | CV18: IDA | CW18: VOLTA | CX18: TÉRM. | CY18: T. VIAG. | CZ18: LINHA | DA18: VEIC. | DB18: IDA | DC18: VOLTA | DD18: TÉRM. | DE18: T. VIAG. | DF18: LINHA | DG18: VEIC. | DH18: IDA | DI18: VOLTA | DJ18: TÉRM. | DK18: T. VIAG. | DL18: LINHA | DM18: VEIC. | DN18: IDA | DO18: VOLTA | DP18: TÉRM. | DQ18: T. VIAG. | DR18: LINHA | DS18: VEIC. | DT18: IDA | DU18: VOLTA | DV18: TÉRM. | DW18: T. VIAG. | DX18: LINHA | DY18: VEIC. | DZ18: IDA | EA18: VOLTA | EB18: TÉRM. | EC18: T. VIAG. | ED18: LINHA | EE18: VEIC.
D27: 0 | J27: 0 | P27: 0 | V27: 0 | AB27: 0 | AH27: 0 | AN27: 0 | AT27: 0 | AZ27: 0 | BF27: 0 | BL27: 0 | BR27: 0 | BX27: 0 | CD27: 0 | CJ27: 0 | CP27: 0 | CV27: 0 | DB27: 0 | DH27: 0 | DN27: 0 | DT27: 0 | DZ27: 0
C28: JORN. | D28: =MAX(E19:F26)-IF(D19="",E19,D19)-MIN(H19:H25)+$C16 -> 0 | H28: =OFFSET(H18,MATCH(MIN(H19:H25),H19:H25,0),-4)-IF(D19="",E19,D19) -> #N/A | J28: =MAX(K19:L26)-IF(J19="",K19,J19)-MIN(N19:N25)+$C16 -> 0 | N28: =OFFSET(N18,MATCH(MIN(N19:N25),N19:N25,0),-4)-IF(J19="",K19,J19) -> #N/A | P28: =MAX(Q19:R26)-IF(P19="",Q19,P19)-MIN(T19:T25)+$C16 -> 0 | T28: =OFFSET(T18,MATCH(MIN(T19:T25),T19:T25,0),-4)-IF(P19="",Q19,P19) -> #N/A | V28: =MAX(W19:X26)-IF(V19="",W19,V19)-MIN(Z19:Z25)+$C16 -> 0 | Z28: =OFFSET(Z18,MATCH(MIN(Z19:Z25),Z19:Z25,0),-4)-IF(V19="",W19,V19) -> #N/A | AB28: =MAX(AC19:AD26)-IF(AB19="",AC19,AB19)-MIN(AF19:AF25)+$C16 -> 0 | AF28: =OFFSET(AF18,MATCH(MIN(AF19:AF25),AF19:AF25,0),-4)-IF(AB19="",AC19,AB19) -> #N/A | AH28: =MAX(AI19:AJ26)-IF(AH19="",AI19,AH19)-MIN(AL19:AL25)+$C16 -> 0 | AL28: =OFFSET(AL18,MATCH(MIN(AL19:AL25),AL19:AL25,0),-4)-IF(AH19="",AI19,AH19) -> #N/A | AN28: =MAX(AO19:AP26)-IF(AN19="",AO19,AN19)-MIN(AR19:AR25)+$C16 -> 0 | AR28: =OFFSET(AR18,MATCH(MIN(AR19:AR25),AR19:AR25,0),-4)-IF(AN19="",AO19,AN19) -> #N/A | AT28: =MAX(AU19:AV26)-IF(AT19="",AU19,AT19)-MIN(AX19:AX25)+$C16 -> 0 | AX28: =OFFSET(AX18,MATCH(MIN(AX19:AX25),AX19:AX25,0),-4)-IF(AT19="",AU19,AT19) -> #N/A | AZ28: =MAX(BA19:BB26)-IF(AZ19="",BA19,AZ19)-MIN(BD19:BD25)+$C16 -> 0 | BD28: =OFFSET(BD18,MATCH(MIN(BD19:BD25),BD19:BD25,0),-4)-IF(AZ19="",BA19,AZ19) -> #N/A | BF28: =MAX(BG19:BH26)-IF(BF19="",BG19,BF19)-MIN(BJ19:BJ25)+$C16 -> 0 | BJ28: =OFFSET(BJ18,MATCH(MIN(BJ19:BJ25),BJ19:BJ25,0),-4)-IF(BF19="",BG19,BF19) -> #N/A | BL28: =MAX(BM19:BN26)-IF(BL19="",BM19,BL19)-MIN(BP19:BP25)+$C16 -> 0 | BP28: =OFFSET(BP18,MATCH(MIN(BP19:BP25),BP19:BP25,0),-4)-IF(BL19="",BM19,BL19) -> #N/A | BR28: =MAX(BS19:BT26)-IF(BR19="",BS19,BR19)-MIN(BV19:BV25)+$C16 -> 0 | BV28: =OFFSET(BV18,MATCH(MIN(BV19:BV25),BV19:BV25,0),-4)-IF(BR19="",BS19,BR19) -> #N/A | BX28: =MAX(BY19:BZ26)-IF(BX19="",BY19,BX19)-MIN(CB19:CB25)+$C16 -> 0 | CB28: =OFFSET(CB18,MATCH(MIN(CB19:CB25),CB19:CB25,0),-4)-IF(BX19="",BY19,BX19) -> #N/A | CD28: =MAX(CE19:CF26)-IF(CD19="",CE19,CD19)-MIN(CH19:CH25)+$C16 -> 0 | CH28: =OFFSET(CH18,MATCH(MIN(CH19:CH25),CH19:CH25,0),-4)-IF(CD19="",CE19,CD19) -> #N/A | CJ28: =MAX(CK19:CL26)-IF(CJ19="",CK19,CJ19)-MIN(CN19:CN25)+$C16 -> 0 | CN28: =OFFSET(CN18,MATCH(MIN(CN19:CN25),CN19:CN25,0),-4)-IF(CJ19="",CK19,CJ19) -> #N/A | CP28: =MAX(CQ19:CR26)-IF(CP19="",CQ19,CP19)-MIN(CT19:CT25)+$C16 -> 0 | CT28: =OFFSET(CT18,MATCH(MIN(CT19:CT25),CT19:CT25,0),-4)-IF(CP19="",CQ19,CP19) -> #N/A | CV28: =MAX(CW19:CX26)-IF(CV19="",CW19,CV19)-MIN(CZ19:CZ25)+$C16 -> 0 | CZ28: =OFFSET(CZ18,MATCH(MIN(CZ19:CZ25),CZ19:CZ25,0),-4)-IF(CV19="",CW19,CV19) -> #N/A | DB28: =MAX(DC19:DD26)-IF(DB19="",DC19,DB19)-MIN(DF19:DF25)+$C16 -> 0 | DF28: =OFFSET(DF18,MATCH(MIN(DF19:DF25),DF19:DF25,0),-4)-IF(DB19="",DC19,DB19) -> #N/A | DH28: =MAX(DI19:DJ26)-IF(DH19="",DI19,DH19)-MIN(DL19:DL25)+$C16 -> 0 | DL28: =OFFSET(DL18,MATCH(MIN(DL19:DL25),DL19:DL25,0),-4)-IF(DH19="",DI19,DH19) -> #N/A | DN28: =MAX(DO19:DP26)-IF(DN19="",DO19,DN19)-MIN(DR19:DR25)+$C16 -> 0 | DR28: =OFFSET(DR18,MATCH(MIN(DR19:DR25),DR19:DR25,0),-4)-IF(DN19="",DO19,DN19) -> #N/A | DT28: =MAX(DU19:DV26)-IF(DT19="",DU19,DT19)-MIN(DX19:DX25)+$C16 -> 0 | DX28: =OFFSET(DX18,MATCH(MIN(DX19:DX25),DX19:DX25,0),-4)-IF(DT19="",DU19,DT19) -> #N/A | DZ28: =MAX(EA19:EB26)-IF(DZ19="",EA19,DZ19)-MIN(ED19:ED25)+$C16 -> 0 | ED28: =OFFSET(ED18,MATCH(MIN(ED19:ED25),ED19:ED25,0),-4)-IF(DZ19="",EA19,DZ19) -> #N/A
D31: =IF(F30="",E30,F30) -> 0 | F31: =IF(D32="",E32,D32) -> 0 | H31: =F31-D31 -> 0
E33: VIAGEM REALIZADA POR OPERADOR DA LINHA
E34: VIAGEM REALIZADA POR OPERADOR DA LINHA
E35: VIAGEM REALIZADA POR OPERADOR DA LINHA

Sheet DOM
B2: 00/00/0000 | C2: QUADRO OPERACIONAL, DOMINGO, LINHA | EF2: FREQUÊNCIA DA LINHA
C3: 0 | D3: 1º TURNO | EF3: DOMINGO
D4: TAB - 0101 | J4: TAB - 0102 | P4: TAB - 0103 | V4: TAB - 0104 | AB4: TAB - 0105 | AH4: TAB - 0106 | AN4: TAB - 0107 | AT4: TAB - 0108 | AZ4: TAB - 0109 | BF4: TAB - 0110 | BL4: TAB - 0111 | BR4: TAB - 0112 | BX4: TAB - 0113 | CD4: TAB - 0114 | CJ4: TAB - 0115 | CP4: TAB - 0116 | CV4: TAB - 0117 | DB4: TAB - 0118 | DH4: TAB - 0119 | DN4: TAB - 0120 | DT4: TAB - 0121 | DZ4: TAB - 0122 | EF4: =CONCATENATE(COUNT(EF6:EF91,EH6:EH91)," VIAGENS") -> 0 VIAGENS
C5: DESLOCAMENTO | D5: IDA | E5: VOLTA | F5: TÉRM. | G5: T. VIAG. | H5: LINHA | I5: VEIC. | J5: IDA | K5: VOLTA | L5: TÉRM. | M5: T. VIAG. | N5: LINHA | O5: VEIC. | P5: IDA | Q5: VOLTA | R5: TÉRM. | S5: T. VIAG. | T5: LINHA | U5: VEIC. | V5: IDA | W5: VOLTA | X5: TÉRM. | Y5: T. VIAG. | Z5: LINHA | AA5: VEIC. | AB5: IDA | AC5: VOLTA | AD5: TÉRM. | AE5: T. VIAG. | AF5: LINHA | AG5: VEIC. | AH5: IDA | AI5: VOLTA | AJ5: TÉRM. | AK5: T. VIAG. | AL5: LINHA | AM5: VEIC. | AN5: IDA | AO5: VOLTA | AP5: TÉRM. | AQ5: T. VIAG. | AR5: LINHA | AS5: VEIC. | AT5: IDA | AU5: VOLTA | AV5: TÉRM. | AW5: T. VIAG. | AX5: LINHA | AY5: VEIC. | AZ5: IDA | BA5: VOLTA | BB5: TÉRM. | BC5: T. VIAG. | BD5: LINHA | BE5: VEIC. | BF5: IDA | BG5: VOLTA | BH5: TÉRM. | BI5: T. VIAG. | BJ5: LINHA | BK5: VEIC. | BL5: IDA | BM5: VOLTA | BN5: TÉRM. | BO5: T. VIAG. | BP5: LINHA | BQ5: VEIC. | BR5: IDA | BS5: VOLTA | BT5: TÉRM. | BU5: T. VIAG. | BV5: LINHA | BW5: VEIC. | BX5: IDA | BY5: VOLTA | BZ5: TÉRM. | CA5: T. VIAG. | CB5: LINHA | CC5: VEIC. | CD5: IDA | CE5: VOLTA | CF5: TÉRM. | CG5: T. VIAG. | CH5: LINHA | CI5: VEIC. | CJ5: IDA | CK5: VOLTA | CL5: TÉRM. | CM5: T. VIAG. | CN5: LINHA | CO5: VEIC. | CP5: IDA | CQ5: VOLTA | CR5: TÉRM. | CS5: T. VIAG. | CT5: LINHA | CU5: VEIC. | CV5: IDA | CW5: VOLTA | CX5: TÉRM. | CY5: T. VIAG. | CZ5: LINHA | DA5: VEIC. | DB5: IDA | DC5: VOLTA | DD5: TÉRM. | DE5: T. VIAG. | DF5: LINHA | DG5: VEIC. | DH5: IDA | DI5: VOLTA | DJ5: TÉRM. | DK5: T. VIAG. | DL5: LINHA | DM5: VEIC. | DN5: IDA | DO5: VOLTA | DP5: TÉRM. | DQ5: T. VIAG. | DR5: LINHA | DS5: VEIC. | DT5: IDA | DU5: VOLTA | DV5: TÉRM. | DW5: T. VIAG. | DX5: LINHA | DY5: VEIC. | DZ5: IDA | EA5: VOLTA | EB5: TÉRM. | EC5: T. VIAG. | ED5: LINHA | EE5: VEIC. | EF5: HORA | EG5: FREQ. | EH5: HORA | EI5: FREQ.
EG7: =EF7-EF6 -> 0
D14: 0 | J14: 0 | P14: 0 | V14: 0 | AB14: 0 | AH14: 0 | AN14: 0 | AT14: 0 | AZ14: 0 | BF14: 0 | BL14: 0 | BR14: 0 | BX14: 0 | CD14: 0 | CJ14: 0 | CP14: 0 | CV14: 0 | DB14: 0 | DH14: 0 | DN14: 0 | DT14: 0 | DZ14: 0
C15: JORN. | D15: =MAX(E6:F13)-IF(D6="",E6,D6)-MIN(H6:H12)+$C3 -> 0 | H15: =OFFSET(H5,MATCH(MIN(H6:H12),H6:H12,0),-4)-IF(D6="",E6,D6)+$C3 -> #N/A | J15: =MAX(K6:L13)-IF(J6="",K6,J6)-MIN(N6:N12)+$C$3 -> 0 | N15: =OFFSET(N5,MATCH(MIN(N6:N12),N6:N12,0),-4)-IF(J6="",K6,J6)+$C3 -> #N/A | P15: =MAX(Q6:R13)-IF(P6="",Q6,P6)-MIN(T6:T12)+$C$3 -> 0 | T15: =OFFSET(T5,MATCH(MIN(T6:T12),T6:T12,0),-4)-IF(P6="",Q6,P6)+$C3 -> #N/A | V15: =MAX(W6:X13)-IF(V6="",W6,V6)-MIN(Z6:Z12)+$C$3 -> 0 | Z15: =OFFSET(Z5,MATCH(MIN(Z6:Z12),Z6:Z12,0),-4)-IF(V6="",W6,V6)+$C3 -> #N/A | AB15: =MAX(AC6:AD13)-IF(AB6="",AC6,AB6)-MIN(AF6:AF12)+$C$3 -> 0 | AF15: =OFFSET(AF5,MATCH(MIN(AF6:AF12),AF6:AF12,0),-4)-IF(AB6="",AC6,AB6)+$C3 -> #N/A | AH15: =MAX(AI6:AJ13)-IF(AH6="",AI6,AH6)-MIN(AL6:AL12)+$C$3 -> 0 | AL15: =OFFSET(AL5,MATCH(MIN(AL6:AL12),AL6:AL12,0),-4)-IF(AH6="",AI6,AH6)+$C3 -> #N/A | AN15: =MAX(AO6:AP13)-IF(AN6="",AO6,AN6)-MIN(AR6:AR12)+$C$3 -> 0 | AR15: =OFFSET(AR5,MATCH(MIN(AR6:AR12),AR6:AR12,0),-4)-IF(AN6="",AO6,AN6)+$C3 -> #N/A | AT15: =MAX(AU6:AV13)-IF(AT6="",AU6,AT6)-MIN(AX6:AX12)+$C$3 -> 0 | AX15: =OFFSET(AX5,MATCH(MIN(AX6:AX12),AX6:AX12,0),-4)-IF(AT6="",AU6,AT6)+$C3 -> #N/A | AZ15: =MAX(BA6:BB13)-IF(AZ6="",BA6,AZ6)-MIN(BD6:BD12)+$C$3 -> 0 | BD15: =OFFSET(BD5,MATCH(MIN(BD6:BD12),BD6:BD12,0),-4)-IF(AZ6="",BA6,AZ6)+$C3 -> #N/A | BF15: =MAX(BG6:BH13)-IF(BF6="",BG6,BF6)-MIN(BJ6:BJ12)+$C$3 -> 0 | BJ15: =OFFSET(BJ5,MATCH(MIN(BJ6:BJ12),BJ6:BJ12,0),-4)-IF(BF6="",BG6,BF6)+$C3 -> #N/A | BL15: =MAX(BM6:BN13)-IF(BL6="",BM6,BL6)-MIN(BP6:BP12)+$C$3 -> 0 | BP15: =OFFSET(BP5,MATCH(MIN(BP6:BP12),BP6:BP12,0),-4)-IF(BL6="",BM6,BL6)+$C3 -> #N/A | BR15: =MAX(BS6:BT13)-IF(BR6="",BS6,BR6)-MIN(BV6:BV12)+$C$3 -> 0 | BV15: =OFFSET(BV5,MATCH(MIN(BV6:BV12),BV6:BV12,0),-4)-IF(BR6="",BS6,BR6)+$C3 -> #N/A | BX15: =MAX(BY6:BZ13)-IF(BX6="",BY6,BX6)-MIN(CB6:CB12)+$C$3 -> 0 | CB15: =OFFSET(CB5,MATCH(MIN(CB6:CB12),CB6:CB12,0),-4)-IF(BX6="",BY6,BX6)+$C3 -> #N/A | CD15: =MAX(CE6:CF13)-IF(CD6="",CE6,CD6)-MIN(CH6:CH12)+$C$3 -> 0 | CH15: =OFFSET(CH5,MATCH(MIN(CH6:CH12),CH6:CH12,0),-4)-IF(CD6="",CE6,CD6)+$C3 -> #N/A | CJ15: =MAX(CK6:CL13)-IF(CJ6="",CK6,CJ6)-MIN(CN6:CN12)+$C$3 -> 0 | CN15: =OFFSET(CN5,MATCH(MIN(CN6:CN12),CN6:CN12,0),-4)-IF(CJ6="",CK6,CJ6)+$C3 -> #N/A | CP15: =MAX(CQ6:CR13)-IF(CP6="",CQ6,CP6)-MIN(CT6:CT12)+$C$3 -> 0 | CT15: =OFFSET(CT5,MATCH(MIN(CT6:CT12),CT6:CT12,0),-4)-IF(CP6="",CQ6,CP6)+$C3 -> #N/A | CV15: =MAX(CW6:CX13)-IF(CV6="",CW6,CV6)-MIN(CZ6:CZ12)+$C$3 -> 0 | CZ15: =OFFSET(CZ5,MATCH(MIN(CZ6:CZ12),CZ6:CZ12,0),-4)-IF(CV6="",CW6,CV6)+$C3 -> #N/A | DB15: =MAX(DC6:DD13)-IF(DB6="",DC6,DB6)-MIN(DF6:DF12)+$C$3 -> 0 | DF15: =OFFSET(DF5,MATCH(MIN(DF6:DF12),DF6:DF12,0),-4)-IF(DB6="",DC6,DB6)+$C3 -> #N/A | DH15: =MAX(DI6:DJ13)-IF(DH6="",DI6,DH6)-MIN(DL6:DL12)+$C$3 -> 0 | DL15: =OFFSET(DL5,MATCH(MIN(DL6:DL12),DL6:DL12,0),-4)-IF(DH6="",DI6,DH6)+$C3 -> #N/A | DN15: =MAX(DO6:DP13)-IF(DN6="",DO6,DN6)-MIN(DR6:DR12)+$C$3 -> 0 | DR15: =OFFSET(DR5,MATCH(MIN(DR6:DR12),DR6:DR12,0),-4)-IF(DN6="",DO6,DN6)+$C3 -> #N/A | DT15: =MAX(DU6:DV13)-IF(DT6="",DU6,DT6)-MIN(DX6:DX12)+$C$3 -> 0 | DX15: =OFFSET(DX5,MATCH(MIN(DX6:DX12),DX6:DX12,0),-4)-IF(DT6="",DU6,DT6)+$C3 -> #N/A | DZ15: =MAX(EA6:EB13)-IF(DZ6="",EA6,DZ6)-MIN(ED6:ED12)+$C$3 -> 0 | ED15: =OFFSET(ED5,MATCH(MIN(ED6:ED12),ED6:ED12,0),-4)-IF(DZ6="",EA6,DZ6)+$C3 -> #N/A
C16: 0 | D16: 2º TURNO
D17: TAB - 0201 | J17: TAB - 0202 | P17: TAB - 0203 | V17: TAB - 0204 | AB17: TAB - 0205 | AH17: TAB - 0206 | AN17: TAB - 0207 | AT17: TAB - 0208 | AZ17: TAB - 0209 | BF17: TAB - 0210 | BL17: TAB - 0211 | BR17: TAB - 0212 | BX17: TAB - 0213 | CD17: TAB - 0214 | CJ17: TAB - 0215 | CP17: TAB - 0216 | CV17: TAB - 0217 | DB17: TAB - 0218 | DH17: TAB - 0219 | DN17: TAB - 0220 | DT17: TAB - 0221 | DZ17: TAB - 0222
C18: DESLOCAMENTO | D18: IDA | E18: VOLTA | F18: TÉRM. | G18: T. VIAG. | H18: LINHA | I18: VEIC. | J18: IDA | K18: VOLTA | L18: TÉRM. | M18: T. VIAG. | N18: LINHA | O18: VEIC. | P18: IDA | Q18: VOLTA | R18: TÉRM. | S18: T. VIAG. | T18: LINHA | U18: VEIC. | V18: IDA | W18: VOLTA | X18: TÉRM. | Y18: T. VIAG. | Z18: LINHA | AA18: VEIC. | AB18: IDA | AC18: VOLTA | AD18: TÉRM. | AE18: T. VIAG. | AF18: LINHA | AG18: VEIC. | AH18: IDA | AI18: VOLTA | AJ18: TÉRM. | AK18: T. VIAG. | AL18: LINHA | AM18: VEIC. | AN18: IDA | AO18: VOLTA | AP18: TÉRM. | AQ18: T. VIAG. | AR18: LINHA | AS18: VEIC. | AT18: IDA | AU18: VOLTA | AV18: TÉRM. | AW18: T. VIAG. | AX18: LINHA | AY18: VEIC. | AZ18: IDA | BA18: VOLTA | BB18: TÉRM. | BC18: T. VIAG. | BD18: LINHA | BE18: VEIC. | BF18: IDA | BG18: VOLTA | BH18: TÉRM. | BI18: T. VIAG. | BJ18: LINHA | BK18: VEIC. | BL18: IDA | BM18: VOLTA | BN18: TÉRM. | BO18: T. VIAG. | BP18: LINHA | BQ18: VEIC. | BR18: IDA | BS18: VOLTA | BT18: TÉRM. | BU18: T. VIAG. | BV18: LINHA | BW18: VEIC. | BX18: IDA | BY18: VOLTA | BZ18: TÉRM. | CA18: T. VIAG. | CB18: LINHA | CC18: VEIC. | CD18: IDA | CE18: VOLTA | CF18: TÉRM. | CG18: T. VIAG. | CH18: LINHA | CI18: VEIC. | CJ18: IDA | CK18: VOLTA | CL18: TÉRM. | CM18: T. VIAG. | CN18: LINHA | CO18: VEIC. | CP18: IDA | CQ18: VOLTA | CR18: TÉRM. | CS18: T. VIAG. | CT18: LINHA | CU18: VEIC. | CV18: IDA | CW18: VOLTA | CX18: TÉRM. | CY18: T. VIAG. | CZ18: LINHA | DA18: VEIC. | DB18: IDA | DC18: VOLTA | DD18: TÉRM. | DE18: T. VIAG. | DF18: LINHA | DG18: VEIC. | DH18: IDA | DI18: VOLTA | DJ18: TÉRM. | DK18: T. VIAG. | DL18: LINHA | DM18: VEIC. | DN18: IDA | DO18: VOLTA | DP18: TÉRM. | DQ18: T. VIAG. | DR18: LINHA | DS18: VEIC. | DT18: IDA | DU18: VOLTA | DV18: TÉRM. | DW18: T. VIAG. | DX18: LINHA | DY18: VEIC. | DZ18: IDA | EA18: VOLTA | EB18: TÉRM. | EC18: T. VIAG. | ED18: LINHA | EE18: VEIC.
D27: 0 | J27: 0 | P27: 0 | V27: 0 | AB27: 0 | AH27: 0 | AN27: 0 | AT27: 0 | AZ27: 0 | BF27: 0 | BL27: 0 | BR27: 0 | BX27: 0 | CD27: 0 | CJ27: 0 | CP27: 0 | CV27: 0 | DB27: 0 | DH27: 0 | DN27: 0 | DT27: 0 | DZ27: 0
C28: JORN. | D28: =MAX(E19:F26)-IF(D19="",E19,D19)-MIN(H19:H25)+$C16 -> 0 | H28: =OFFSET(H18,MATCH(MIN(H19:H25),H19:H25,0),-4)-IF(D19="",E19,D19) -> #N/A | J28: =MAX(K19:L26)-IF(J19="",K19,J19)-MIN(N19:N25)+$C16 -> 0 | N28: =OFFSET(N18,MATCH(MIN(N19:N25),N19:N25,0),-4)-IF(J19="",K19,J19) -> #N/A | P28: =MAX(Q19:R26)-IF(P19="",Q19,P19)-MIN(T19:T25)+$C16 -> 0 | T28: =OFFSET(T18,MATCH(MIN(T19:T25),T19:T25,0),-4)-IF(P19="",Q19,P19) -> #N/A | V28: =MAX(W19:X26)-IF(V19="",W19,V19)-MIN(Z19:Z25)+$C16 -> 0 | Z28: =OFFSET(Z18,MATCH(MIN(Z19:Z25),Z19:Z25,0),-4)-IF(V19="",W19,V19) -> #N/A | AB28: =MAX(AC19:AD26)-IF(AB19="",AC19,AB19)-MIN(AF19:AF25)+$C16 -> 0 | AF28: =OFFSET(AF18,MATCH(MIN(AF19:AF25),AF19:AF25,0),-4)-IF(AB19="",AC19,AB19) -> #N/A | AH28: =MAX(AI19:AJ26)-IF(AH19="",AI19,AH19)-MIN(AL19:AL25)+$C16 -> 0 | AL28: =OFFSET(AL18,MATCH(MIN(AL19:AL25),AL19:AL25,0),-4)-IF(AH19="",AI19,AH19) -> #N/A | AN28: =MAX(AO19:AP26)-IF(AN19="",AO19,AN19)-MIN(AR19:AR25)+$C16 -> 0 | AR28: =OFFSET(AR18,MATCH(MIN(AR19:AR25),AR19:AR25,0),-4)-IF(AN19="",AO19,AN19) -> #N/A | AT28: =MAX(AU19:AV26)-IF(AT19="",AU19,AT19)-MIN(AX19:AX25)+$C16 -> 0 | AX28: =OFFSET(AX18,MATCH(MIN(AX19:AX25),AX19:AX25,0),-4)-IF(AT19="",AU19,AT19) -> #N/A | AZ28: =MAX(BA19:BB26)-IF(AZ19="",BA19,AZ19)-MIN(BD19:BD25)+$C16 -> 0 | BD28: =OFFSET(BD18,MATCH(MIN(BD19:BD25),BD19:BD25,0),-4)-IF(AZ19="",BA19,AZ19) -> #N/A | BF28: =MAX(BG19:BH26)-IF(BF19="",BG19,BF19)-MIN(BJ19:BJ25)+$C16 -> 0 | BJ28: =OFFSET(BJ18,MATCH(MIN(BJ19:BJ25),BJ19:BJ25,0),-4)-IF(BF19="",BG19,BF19) -> #N/A | BL28: =MAX(BM19:BN26)-IF(BL19="",BM19,BL19)-MIN(BP19:BP25)+$C16 -> 0 | BP28: =OFFSET(BP18,MATCH(MIN(BP19:BP25),BP19:BP25,0),-4)-IF(BL19="",BM19,BL19) -> #N/A | BR28: =MAX(BS19:BT26)-IF(BR19="",BS19,BR19)-MIN(BV19:BV25)+$C16 -> 0 | BV28: =OFFSET(BV18,MATCH(MIN(BV19:BV25),BV19:BV25,0),-4)-IF(BR19="",BS19,BR19) -> #N/A | BX28: =MAX(BY19:BZ26)-IF(BX19="",BY19,BX19)-MIN(CB19:CB25)+$C16 -> 0 | CB28: =OFFSET(CB18,MATCH(MIN(CB19:CB25),CB19:CB25,0),-4)-IF(BX19="",BY19,BX19) -> #N/A | CD28: =MAX(CE19:CF26)-IF(CD19="",CE19,CD19)-MIN(CH19:CH25)+$C16 -> 0 | CH28: =OFFSET(CH18,MATCH(MIN(CH19:CH25),CH19:CH25,0),-4)-IF(CD19="",CE19,CD19) -> #N/A | CJ28: =MAX(CK19:CL26)-IF(CJ19="",CK19,CJ19)-MIN(CN19:CN25)+$C16 -> 0 | CN28: =OFFSET(CN18,MATCH(MIN(CN19:CN25),CN19:CN25,0),-4)-IF(CJ19="",CK19,CJ19) -> #N/A | CP28: =MAX(CQ19:CR26)-IF(CP19="",CQ19,CP19)-MIN(CT19:CT25)+$C16 -> 0 | CT28: =OFFSET(CT18,MATCH(MIN(CT19:CT25),CT19:CT25,0),-4)-IF(CP19="",CQ19,CP19) -> #N/A | CV28: =MAX(CW19:CX26)-IF(CV19="",CW19,CV19)-MIN(CZ19:CZ25)+$C16 -> 0 | CZ28: =OFFSET(CZ18,MATCH(MIN(CZ19:CZ25),CZ19:CZ25,0),-4)-IF(CV19="",CW19,CV19) -> #N/A | DB28: =MAX(DC19:DD26)-IF(DB19="",DC19,DB19)-MIN(DF19:DF25)+$C16 -> 0 | DF28: =OFFSET(DF18,MATCH(MIN(DF19:DF25),DF19:DF25,0),-4)-IF(DB19="",DC19,DB19) -> #N/A | DH28: =MAX(DI19:DJ26)-IF(DH19="",DI19,DH19)-MIN(DL19:DL25)+$C16 -> 0 | DL28: =OFFSET(DL18,MATCH(MIN(DL19:DL25),DL19:DL25,0),-4)-IF(DH19="",DI19,DH19) -> #N/A | DN28: =MAX(DO19:DP26)-IF(DN19="",DO19,DN19)-MIN(DR19:DR25)+$C16 -> 0 | DR28: =OFFSET(DR18,MATCH(MIN(DR19:DR25),DR19:DR25,0),-4)-IF(DN19="",DO19,DN19) -> #N/A | DT28: =MAX(DU19:DV26)-IF(DT19="",DU19,DT19)-MIN(DX19:DX25)+$C16 -> 0 | DX28: =OFFSET(DX18,MATCH(MIN(DX19:DX25),DX19:DX25,0),-4)-IF(DT19="",DU19,DT19) -> #N/A | DZ28: =MAX(EA19:EB26)-IF(DZ19="",EA19,DZ19)-MIN(ED19:ED25)+$C16 -> 0 | ED28: =OFFSET(ED18,MATCH(MIN(ED19:ED25),ED19:ED25,0),-4)-IF(DZ19="",EA19,DZ19) -> #N/A
D31: =IF(F30="",E30,F30) -> 0 | F31: =IF(D32="",E32,D32) -> 0 | H31: =F31-D31 -> 0
E33: VIAGEM REALIZADA POR OPERADOR DA LINHA
E34: VIAGEM REALIZADA POR OPERADOR DA LINHA
E35: VIAGEM REALIZADA POR OPERADOR DA LINHA

Sheet DIGITAÇÃO
B2: 0.1875 | C2: 0.20416667 | D2: 0.22222222 | E2: =D2-B2 -> 0.034722222 | F2: 93 | G2: 1 | H2: 0.20833333 | I2: 0.22569444 | J2: 0.24375 | K2: =J2-H2 -> 0.035416667 | L2: 93 | M2: 2
B3: 0.22916667 | C3: 0.24652778 | D3: 0.26458333 | E3: =D3-B3 -> 0.035416667 | F3: 93 | G3: 1 | H3: 0.25069444 | I3: 0.26875 | J3: 0.28819444 | K3: =J3-H3 -> 0.0375 | L3: 93 | M3: 2
B4: 0.27083333 | C4: 0.29305556 | D4: 0.3125 | E4: =D4-B4 -> 0.041666667 | F4: 94 | G4: 1 | H4: 0.29861111 | I4: 0.31597222 | J4: 0.33472222 | K4: =J4-H4 -> 0.036111111 | L4: 93 | M4: 2
B5: 0.325 | C5: 0.34236111 | D5: 0.36180556 | E5: =D5-B5 -> 0.036805556 | F5: 93 | G5: 1 | H5: 0.35138889 | I5: 0.36875 | J5: 0.38819444 | K5: =J5-H5 -> 0.036805556 | L5: 93 | M5: 2
B6: =IF(D5="",C5,D5) -> 0.36180556 | D6: =IF(B7="",C7,B7) -> 0.41041667 | F6: =D6-B6 -> 0.048611111 | H6: =IF(J5="",I5,J5) -> 0.38819444 | J6: =IF(H7="",I7,H7) -> 0.43680556 | L6: =J6-H6 -> 0.048611111
B7: 0.41041667 | C7: 0.43194444 | D7: 0.45277778 | E7: =D7-B7 -> 0.042361111 | F7: 93 | G7: 1 | H7: 0.43680556 | I7: 0.46527778 | J7: 0.48541667 | K7: =J7-H7 -> 0.048611111 | L7: 94 | M7: 2
B8: 0.46527778 | C8: 0.48541667 | D8: 0.50486111 | E8: =D8-B8 -> 0.039583333 | F8: 93 | G8: 1 | H8: 0.51041667 | I8: 0.53125 | J8: 0.55 | K8: =J8-H8 -> 0.039583333 | L8: 94 | M8: 2
B9: 0.51666667 | C9: 0.53402778 | D9: 0.55347222 | E9: =D9-B9 -> 0.036805556 | F9: 93 | G9: 1
B12: 0.575 | C12: 0.59930556 | D12: 0.62083333 | E12: =D12-B12 -> 0.045833333 | F12: 93 | G12: 2
B13: 0.63333333 | C13: 0.65416667 | D13: 0.675 | E13: =D13-B13 -> 0.041666667 | F13: 93 | G13: 2
B14: 0.69097222 | C14: 0.71388889 | D14: 0.73819444 | E14: =D14-B14 -> 0.047222222 | F14: 93 | G14: 2
B15: 0.74583333 | C15: 0.76597222 | D15: 0.79027778 | E15: =D15-B15 -> 0.044444444 | F15: 93 | G15: 2
B16: =IF(D15="",C15,D15) -> 0.79027778 | D16: =IF(B17="",C17,B17) -> 0.85416667 | F16: =D16-B16 -> 0.063888889
B17: 0.85416667 | C17: 0.875 | D17: 0.89652778 | E17: =D17-B17 -> 0.042361111 | F17: 93 | G17: 2
B23: 0.22222222 | C23: 0.24513889 | D23: 0.26527778 | E23: =D23-B23 -> 0.043055556 | F23: 94 | G23: 3
B24: 0.27708333 | C24: 0.29513889 | D24: 0.31388889 | E24: =D24-B24 -> 0.036805556 | F24: 93 | G24: 3
B25: 0.31944444 | C25: 0.34305556 | D25: 0.36180556 | E25: =D25-B25 -> 0.042361111 | F25: 94 | G25: 3
B26: 0.36805556 | C26: 0.39166667 | D26: 0.4125 | E26: =D26-B26 -> 0.044444444 | F26: 94 | G26: 3
B27: =IF(D26="",C26,D26) -> 0.4125 | D27: =IF(B28="",C28,B28) -> 0.475 | F27: =D27-B27 -> 0.0625
B28: 0.475 | C28: 0.50069444 | D28: 0.52083333 | E28: =D28-B28 -> 0.045833333 | F28: 94 | G28: 3
B29: 0.54652778 | C29: 0.57013889 | D29: 0.59236111 | E29: =D29-B29 -> 0.045833333 | F29: 94 | G29: 3
B32: 0.58194444 | C32: 0.60763889 | D32: 0.63125 | E32: =D32-B32 -> 0.049305556 | F32: 94 | G32: 1 | H32: 0.61666667 | I32: 0.63819444 | J32: 0.65902778 | K32: =J32-H32 -> 0.042361111 | L32: 94 | M32: 3
B33: 0.65138889 | C33: 0.67430556 | D33: 0.69652778 | E33: =D33-B33 -> 0.045138889 | F33: 94 | G33: 1 | H33: 0.66666667 | I33: 0.68958333 | J33: 0.71180556 | K33: =J33-H33 -> 0.045138889 | L33: 93 | M33: 3
B34: 0.71527778 | C34: 0.73541667 | D34: 0.75972222 | E34: =D34-B34 -> 0.044444444 | F34: 93 | G34: 1 | H34: 0.72291667 | I34: 0.74930556 | J34: 0.77708333 | K34: =J34-H34 -> 0.054166667 | L34: 94 | M34: 3
B35: 0.77638889 | C35: 0.79722222 | D35: 0.81666667 | E35: =D35-B35 -> 0.040277778 | F35: 93 | G35: 1 | H35: 0.78541667 | I35: 0.8125 | J35: 0.83680556 | K35: =J35-H35 -> 0.051388889 | L35: 94 | M35: 3
B36: =IF(D35="",C35,D35) -> 0.81666667 | D36: =IF(B37="",C37,B37) -> 0.87152778 | F36: =D36-B36 -> 0.054861111 | H36: =IF(J35="",I35,J35) -> 0.83680556 | J36: =IF(H37="",I37,H37) -> 0.88541667 | L36: =J36-H36 -> 0.048611111
B37: 0.87152778 | C37: 0.89375 | D37: 0.9125 | E37: =D37-B37 -> 0.040972222 | F37: 94 | G37: 1 | H37: 0.88541667 | I37: 0.90486111 | J37: 0.92361111 | K37: =J37-H37 -> 0.038194444 | L37: 93 | M37: 3
B38: 0.92708333 | C38: 0.94583333 | D38: 0.96319444 | E38: =D38-B38 -> 0.036111111 | F38: 94 | G38: 1 | H38: 0.93055556 | I38: 0.94861111 | J38: 0.96597222 | K38: =J38-H38 -> 0.035416667 | L38: 93 | M38: 3
B49: 0.1875 | E49: 0.22222222
B50: 0.20833333 | E50: 0.27083333
B51: 0.22916667 | E51: 0.31944444
B52: 0.25069444 | E52: 0.36805556
B53: 0.27708333 | E53: 0.43680556
B54: 0.29861111 | E54: 0.475
B55: 0.325 | E55: 0.51041667
B56: 0.35138889 | E56: 0.54652778
B57: 0.41041667 | E57: 0.58194444
B58: 0.46527778 | E58: 0.61666667
B59: 0.51666667 | E59: 0.65138889
B60: 0.575 | E60: 0.72291667
... B63: 0.69097222 | E63: 0.92708333
B64: 0.71527778
B65: 0.74583333
B66: 0.77638889
B67: 0.85416667
B68: 0.88541667
B69: 0.93055556

Sheet DADOS CSV
H1: TURNO | J1: =IF(B1<0.458333333333333,CONCATENATE(A1,".","1 - TU"),CONCATENATE(A1,".","2 - TU")) -> .1 - TU | K1: Ida | N1: Volta
A2: Trip | B2: Ida | C2: Volta | D2: Térm | E2: T. Viag | F2: Linha | G2: Veíc | H2: 1 | J2: Tab | K2: Início | L2: Térm. | N2: Início | O2: Térm.
H3: =H2 -> 1 | J3: {=IF(H3=1,CONCATENATE(A3,".",H3),CONCATENATE(A3-(MAX(IF(H:H=1,A:A,))),".",H3))} -> .1 | K3: =IF($A3="","",(IF($C3-$B3<0.0007,"*****",B3))) | L3: =IF($A3="","",(IF($C3-$B3<0.0007,"*****",C3))) | N3: =IF($A3="","",(IF($D3-$C3<0.0007,"*****",C3))) | O3: =IF($A3="","",(IF($D3-$C3<0.0007,"*****",D3)))
H4: =H3 -> 1
H5: =H4 -> 1
H6: =H5 -> 1
H7: =H6 -> 1
H8: =H7 -> 1
H9: =H8 -> 1
H10: =H9 -> 1
H11: =H10 -> 1
H12: =H11 -> 1
H13: =H12 -> 1
H14: =H13 -> 1
H15: =H14 -> 1
... H200: =H199 -> 1

Sheet CSV IDA
A1: Tabela | B1: Horario_Partida | C1: Tolerancia_Atraso1 | D1: Tolerancia_Adiantamento1 | E1: Horario_Chegada | F1: Tolerancia_Atraso2 | G1: Tolerancia_Adiantamento2 | H1: ponto1 | I1: passagem1 | J1: permanencia1 | K1: ponto2 | L1: passagem2 | M1: permanencia2 | N1: ponto3 | O1: passagem3 | P1: permanencia3 | Q1: ponto4 | R1: passagem4 | S1: permanencia4 | T1: ponto5 | U1: passagem5 | V1: permanencia5 | W1: ponto6 | X1: passagem6 | Y1: permanencia6 | Z1: ponto7 | AA1: passagem7 | AB1: permanencia7 | AC1: ponto8 | AD1: passagem8 | AE1: permanencia8 | AF1: ponto9 | AG1: passagem9 | AH1: permanencia9 | AI1: ponto10 | AJ1: passagem10 | AK1: permanencia10 | AL1: ponto11 | AM1: passagem11 | AN1: permanencia11 | AO1: ponto12 | AP1: passagem12 | AQ1: permanencia12 | AR1: ponto13 | AS1: passagem13 | AT1: permanencia13 | AU1: ponto14 | AV1: passagem14 | AW1: permanencia14 | AX1: ponto15 | AY1: passagem15 | AZ1: permanencia15 | BA1: ponto16 | BB1: passagem16 | BC1: permanencia16 | BD1: ponto17 | BE1: passagem17 | BF1: permanencia17 | BG1: ponto18 | BH1: passagem18 | BI1: permanencia18 | BJ1: ponto19 | BK1: passagem19 | BL1: permanencia19 | BM1: ponto20 | BN1: passagem20 | BO1: permanencia20 | BP1: ponto21 | BQ1: passagem21 | BR1: permanencia21 | BS1: ponto22 | BT1: passagem22 | BU1: permanencia22 | BV1: ponto23 | BW1: passagem23 | BX1: permanencia23 | BY1: ponto24 | BZ1: passagem24 | CA1: permanencia24 | CB1: ponto25 | CC1: passagem25 | CD1: permanencia25 | CE1: ponto26 | CF1: passagem26 | CG1: permanencia26 | CH1: ponto27 | CI1: passagem27 | CJ1: permanencia27 | CK1: ponto28 | CL1: passagem28 | CM1: permanencia28 | CN1: ponto29 | CO1: passagem29 | CP1: permanencia29 | CQ1: ponto30 | CR1: passagem30 | CS1: permanencia30 | CT1: empresa | CU1: cod_modelo_veiculo
A2: =IF('DADOS CSV'!J3="","",'DADOS CSV'!J3) -> .1 | B2: =IF('DADOS CSV'!K3="","",'DADOS CSV'!K3) | C2: 9 | D2: 1 | E2: =IF('DADOS CSV'!L3="","",'DADOS CSV'!L3) | F2: 15 | G2: 10 | CT2: XXX | CU2: =IFERROR(VLOOKUP(Procv!Q2,Procv!$C$1:$D$21,2,0),"")
A3: =IF('DADOS CSV'!J4="","",'DADOS CSV'!J4) | B3: =IF('DADOS CSV'!K4="","",'DADOS CSV'!K4) | C3: =IF(A3="","",$C$2) | D3: =IF(A3="","",$D$2) | E3: =IF('DADOS CSV'!L4="","",'DADOS CSV'!L4) | F3: =IF(A3="","",$F$2) | G3: =IF(A3="","",$G$2) | CT3: =IF(A3="","",$CT$2) | CU3: =IFERROR(VLOOKUP(Procv!Q3,Procv!$C$1:$D$21,2,0),"")
A4: =IF('DADOS CSV'!J5="","",'DADOS CSV'!J5) | B4: =IF('DADOS CSV'!K5="","",'DADOS CSV'!K5) | C4: =IF(A4="","",$C$2) | D4: =IF(A4="","",$D$2) | E4: =IF('DADOS CSV'!L5="","",'DADOS CSV'!L5) | F4: =IF(A4="","",$F$2) | G4: =IF(A4="","",$G$2) | CT4: =IF(A4="","",$CT$2) | CU4: =IFERROR(VLOOKUP(Procv!Q4,Procv!$C$1:$D$21,2,0),"")
A5: =IF('DADOS CSV'!J6="","",'DADOS CSV'!J6) | B5: =IF('DADOS CSV'!K6="","",'DADOS CSV'!K6) | C5: =IF(A5="","",$C$2) | D5: =IF(A5="","",$D$2) | E5: =IF('DADOS CSV'!L6="","",'DADOS CSV'!L6) | F5: =IF(A5="","",$F$2) | G5: =IF(A5="","",$G$2) | CT5: =IF(A5="","",$CT$2) | CU5: =IFERROR(VLOOKUP(Procv!Q5,Procv!$C$1:$D$21,2,0),"")
A6: =IF('DADOS CSV'!J7="","",'DADOS CSV'!J7) | B6: =IF('DADOS CSV'!K7="","",'DADOS CSV'!K7) | C6: =IF(A6="","",$C$2) | D6: =IF(A6="","",$D$2) | E6: =IF('DADOS CSV'!L7="","",'DADOS CSV'!L7) | F6: =IF(A6="","",$F$2) | G6: =IF(A6="","",$G$2) | CT6: =IF(A6="","",$CT$2) | CU6: =IFERROR(VLOOKUP(Procv!Q6,Procv!$C$1:$D$21,2,0),"")
A7: =IF('DADOS CSV'!J8="","",'DADOS CSV'!J8) | B7: =IF('DADOS CSV'!K8="","",'DADOS CSV'!K8) | C7: =IF(A7="","",$C$2) | D7: =IF(A7="","",$D$2) | E7: =IF('DADOS CSV'!L8="","",'DADOS CSV'!L8) | F7: =IF(A7="","",$F$2) | G7: =IF(A7="","",$G$2) | CT7: =IF(A7="","",$CT$2) | CU7: =IFERROR(VLOOKUP(Procv!Q7,Procv!$C$1:$D$21,2,0),"")
A8: =IF('DADOS CSV'!J9="","",'DADOS CSV'!J9) | B8: =IF('DADOS CSV'!K9="","",'DADOS CSV'!K9) | C8: =IF(A8="","",$C$2) | D8: =IF(A8="","",$D$2) | E8: =IF('DADOS CSV'!L9="","",'DADOS CSV'!L9) | F8: =IF(A8="","",$F$2) | G8: =IF(A8="","",$G$2) | CT8: =IF(A8="","",$CT$2) | CU8: =IFERROR(VLOOKUP(Procv!Q8,Procv!$C$1:$D$21,2,0),"")
A9: =IF('DADOS CSV'!J10="","",'DADOS CSV'!J10) | B9: =IF('DADOS CSV'!K10="","",'DADOS CSV'!K10) | C9: =IF(A9="","",$C$2) | D9: =IF(A9="","",$D$2) | E9: =IF('DADOS CSV'!L10="","",'DADOS CSV'!L10) | F9: =IF(A9="","",$F$2) | G9: =IF(A9="","",$G$2) | CT9: =IF(A9="","",$CT$2) | CU9: =IFERROR(VLOOKUP(Procv!Q9,Procv!$C$1:$D$21,2,0),"")
A10: =IF('DADOS CSV'!J11="","",'DADOS CSV'!J11) | B10: =IF('DADOS CSV'!K11="","",'DADOS CSV'!K11) | C10: =IF(A10="","",$C$2) | D10: =IF(A10="","",$D$2) | E10: =IF('DADOS CSV'!L11="","",'DADOS CSV'!L11) | F10: =IF(A10="","",$F$2) | G10: =IF(A10="","",$G$2) | CT10: =IF(A10="","",$CT$2) | CU10: =IFERROR(VLOOKUP(Procv!Q10,Procv!$C$1:$D$21,2,0),"")
A11: =IF('DADOS CSV'!J12="","",'DADOS CSV'!J12) | B11: =IF('DADOS CSV'!K12="","",'DADOS CSV'!K12) | C11: =IF(A11="","",$C$2) | D11: =IF(A11="","",$D$2) | E11: =IF('DADOS CSV'!L12="","",'DADOS CSV'!L12) | F11: =IF(A11="","",$F$2) | G11: =IF(A11="","",$G$2) | CT11: =IF(A11="","",$CT$2) | CU11: =IFERROR(VLOOKUP(Procv!Q11,Procv!$C$1:$D$21,2,0),"")
A12: =IF('DADOS CSV'!J13="","",'DADOS CSV'!J13) | B12: =IF('DADOS CSV'!K13="","",'DADOS CSV'!K13) | C12: =IF(A12="","",$C$2) | D12: =IF(A12="","",$D$2) | E12: =IF('DADOS CSV'!L13="","",'DADOS CSV'!L13) | F12: =IF(A12="","",$F$2) | G12: =IF(A12="","",$G$2) | CT12: =IF(A12="","",$CT$2) | CU12: =IFERROR(VLOOKUP(Procv!Q12,Procv!$C$1:$D$21,2,0),"")
A13: =IF('DADOS CSV'!J14="","",'DADOS CSV'!J14) | B13: =IF('DADOS CSV'!K14="","",'DADOS CSV'!K14) | C13: =IF(A13="","",$C$2) | D13: =IF(A13="","",$D$2) | E13: =IF('DADOS CSV'!L14="","",'DADOS CSV'!L14) | F13: =IF(A13="","",$F$2) | G13: =IF(A13="","",$G$2) | CT13: =IF(A13="","",$CT$2) | CU13: =IFERROR(VLOOKUP(Procv!Q13,Procv!$C$1:$D$21,2,0),"")
A14: =IF('DADOS CSV'!J15="","",'DADOS CSV'!J15) | B14: =IF('DADOS CSV'!K15="","",'DADOS CSV'!K15) | C14: =IF(A14="","",$C$2) | D14: =IF(A14="","",$D$2) | E14: =IF('DADOS CSV'!L15="","",'DADOS CSV'!L15) | F14: =IF(A14="","",$F$2) | G14: =IF(A14="","",$G$2) | CT14: =IF(A14="","",$CT$2) | CU14: =IFERROR(VLOOKUP(Procv!Q14,Procv!$C$1:$D$21,2,0),"")
... A199: =IF('DADOS CSV'!J200="","",'DADOS CSV'!J200) | B199: =IF('DADOS CSV'!K200="","",'DADOS CSV'!K200) | C199: =IF(A199="","",$C$2) | D199: =IF(A199="","",$D$2) | E199: =IF('DADOS CSV'!L200="","",'DADOS CSV'!L200) | F199: =IF(A199="","",$F$2) | G199: =IF(A199="","",$G$2) | CT199: =IF(A199="","",$CT$2) | CU199: =IFERROR(VLOOKUP(Procv!Q199,Procv!$C$1:$D$21,2,0),"")

Sheet CSV VOLTA
A1: Tabela | B1: Horario_Partida | C1: Tolerancia_Atraso1 | D1: Tolerancia_Adiantamento1 | E1: Horario_Chegada | F1: Tolerancia_Atraso2 | G1: Tolerancia_Adiantamento2 | H1: ponto1 | I1: passagem1 | J1: permanencia1 | K1: ponto2 | L1: passagem2 | M1: permanencia2 | N1: ponto3 | O1: passagem3 | P1: permanencia3 | Q1: ponto4 | R1: passagem4 | S1: permanencia4 | T1: ponto5 | U1: passagem5 | V1: permanencia5 | W1: ponto6 | X1: passagem6 | Y1: permanencia6 | Z1: ponto7 | AA1: passagem7 | AB1: permanencia7 | AC1: ponto8 | AD1: passagem8 | AE1: permanencia8 | AF1: ponto9 | AG1: passagem9 | AH1: permanencia9 | AI1: ponto10 | AJ1: passagem10 | AK1: permanencia10 | AL1: ponto11 | AM1: passagem11 | AN1: permanencia11 | AO1: ponto12 | AP1: passagem12 | AQ1: permanencia12 | AR1: ponto13 | AS1: passagem13 | AT1: permanencia13 | AU1: ponto14 | AV1: passagem14 | AW1: permanencia14 | AX1: ponto15 | AY1: passagem15 | AZ1: permanencia15 | BA1: ponto16 | BB1: passagem16 | BC1: permanencia16 | BD1: ponto17 | BE1: passagem17 | BF1: permanencia17 | BG1: ponto18 | BH1: passagem18 | BI1: permanencia18 | BJ1: ponto19 | BK1: passagem19 | BL1: permanencia19 | BM1: ponto20 | BN1: passagem20 | BO1: permanencia20 | BP1: ponto21 | BQ1: passagem21 | BR1: permanencia21 | BS1: ponto22 | BT1: passagem22 | BU1: permanencia22 | BV1: ponto23 | BW1: passagem23 | BX1: permanencia23 | BY1: ponto24 | BZ1: passagem24 | CA1: permanencia24 | CB1: ponto25 | CC1: passagem25 | CD1: permanencia25 | CE1: ponto26 | CF1: passagem26 | CG1: permanencia26 | CH1: ponto27 | CI1: passagem27 | CJ1: permanencia27 | CK1: ponto28 | CL1: passagem28 | CM1: permanencia28 | CN1: ponto29 | CO1: passagem29 | CP1: permanencia29 | CQ1: ponto30 | CR1: passagem30 | CS1: permanencia30 | CT1: empresa | CU1: cod_modelo_veiculo
A2: =IF('DADOS CSV'!J3="","",'DADOS CSV'!J3) -> .1 | B2: =IF('DADOS CSV'!N3="","",'DADOS CSV'!N3) | C2: 10 | D2: 5 | E2: =IF('DADOS CSV'!O3="","",'DADOS CSV'!O3) | F2: 15 | G2: 10 | CT2: XXX | CU2: =IFERROR(VLOOKUP(Procv!R2,Procv!$C$1:$D$21,2,0),"")
A3: =IF('DADOS CSV'!J4="","",'DADOS CSV'!J4) | B3: =IF('DADOS CSV'!N4="","",'DADOS CSV'!N4) | C3: =IF(A3="","",$C$2) | D3: =IF(A3="","",$D$2) | E3: =IF('DADOS CSV'!O4="","",'DADOS CSV'!O4) | F3: =IF(A3="","",$F$2) | G3: =IF(A3="","",$G$2) | CT3: =IF(A3="","",$CT$2) | CU3: =IFERROR(VLOOKUP(Procv!R3,Procv!$C$1:$D$21,2,0),"")
A4: =IF('DADOS CSV'!J5="","",'DADOS CSV'!J5) | B4: =IF('DADOS CSV'!N5="","",'DADOS CSV'!N5) | C4: =IF(A4="","",$C$2) | D4: =IF(A4="","",$D$2) | E4: =IF('DADOS CSV'!O5="","",'DADOS CSV'!O5) | F4: =IF(A4="","",$F$2) | G4: =IF(A4="","",$G$2) | CT4: =IF(A4="","",$CT$2) | CU4: =IFERROR(VLOOKUP(Procv!R4,Procv!$C$1:$D$21,2,0),"")
A5: =IF('DADOS CSV'!J6="","",'DADOS CSV'!J6) | B5: =IF('DADOS CSV'!N6="","",'DADOS CSV'!N6) | C5: =IF(A5="","",$C$2) | D5: =IF(A5="","",$D$2) | E5: =IF('DADOS CSV'!O6="","",'DADOS CSV'!O6) | F5: =IF(A5="","",$F$2) | G5: =IF(A5="","",$G$2) | CT5: =IF(A5="","",$CT$2) | CU5: =IFERROR(VLOOKUP(Procv!R5,Procv!$C$1:$D$21,2,0),"")
A6: =IF('DADOS CSV'!J7="","",'DADOS CSV'!J7) | B6: =IF('DADOS CSV'!N7="","",'DADOS CSV'!N7) | C6: =IF(A6="","",$C$2) | D6: =IF(A6="","",$D$2) | E6: =IF('DADOS CSV'!O7="","",'DADOS CSV'!O7) | F6: =IF(A6="","",$F$2) | G6: =IF(A6="","",$G$2) | CT6: =IF(A6="","",$CT$2) | CU6: =IFERROR(VLOOKUP(Procv!R6,Procv!$C$1:$D$21,2,0),"")
A7: =IF('DADOS CSV'!J8="","",'DADOS CSV'!J8) | B7: =IF('DADOS CSV'!N8="","",'DADOS CSV'!N8) | C7: =IF(A7="","",$C$2) | D7: =IF(A7="","",$D$2) | E7: =IF('DADOS CSV'!O8="","",'DADOS CSV'!O8) | F7: =IF(A7="","",$F$2) | G7: =IF(A7="","",$G$2) | CT7: =IF(A7="","",$CT$2) | CU7: =IFERROR(VLOOKUP(Procv!R7,Procv!$C$1:$D$21,2,0),"")
A8: =IF('DADOS CSV'!J9="","",'DADOS CSV'!J9) | B8: =IF('DADOS CSV'!N9="","",'DADOS CSV'!N9) | C8: =IF(A8="","",$C$2) | D8: =IF(A8="","",$D$2) | E8: =IF('DADOS CSV'!O9="","",'DADOS CSV'!O9) | F8: =IF(A8="","",$F$2) | G8: =IF(A8="","",$G$2) | CT8: =IF(A8="","",$CT$2) | CU8: =IFERROR(VLOOKUP(Procv!R8,Procv!$C$1:$D$21,2,0),"")
A9: =IF('DADOS CSV'!J10="","",'DADOS CSV'!J10) | B9: =IF('DADOS CSV'!N10="","",'DADOS CSV'!N10) | C9: =IF(A9="","",$C$2) | D9: =IF(A9="","",$D$2) | E9: =IF('DADOS CSV'!O10="","",'DADOS CSV'!O10) | F9: =IF(A9="","",$F$2) | G9: =IF(A9="","",$G$2) | CT9: =IF(A9="","",$CT$2) | CU9: =IFERROR(VLOOKUP(Procv!R9,Procv!$C$1:$D$21,2,0),"")
A10: =IF('DADOS CSV'!J11="","",'DADOS CSV'!J11) | B10: =IF('DADOS CSV'!N11="","",'DADOS CSV'!N11) | C10: =IF(A10="","",$C$2) | D10: =IF(A10="","",$D$2) | E10: =IF('DADOS CSV'!O11="","",'DADOS CSV'!O11) | F10: =IF(A10="","",$F$2) | G10: =IF(A10="","",$G$2) | CT10: =IF(A10="","",$CT$2) | CU10: =IFERROR(VLOOKUP(Procv!R10,Procv!$C$1:$D$21,2,0),"")
A11: =IF('DADOS CSV'!J12="","",'DADOS CSV'!J12) | B11: =IF('DADOS CSV'!N12="","",'DADOS CSV'!N12) | C11: =IF(A11="","",$C$2) | D11: =IF(A11="","",$D$2) | E11: =IF('DADOS CSV'!O12="","",'DADOS CSV'!O12) | F11: =IF(A11="","",$F$2) | G11: =IF(A11="","",$G$2) | CT11: =IF(A11="","",$CT$2) | CU11: =IFERROR(VLOOKUP(Procv!R11,Procv!$C$1:$D$21,2,0),"")
A12: =IF('DADOS CSV'!J13="","",'DADOS CSV'!J13) | B12: =IF('DADOS CSV'!N13="","",'DADOS CSV'!N13) | C12: =IF(A12="","",$C$2) | D12: =IF(A12="","",$D$2) | E12: =IF('DADOS CSV'!O13="","",'DADOS CSV'!O13) | F12: =IF(A12="","",$F$2) | G12: =IF(A12="","",$G$2) | CT12: =IF(A12="","",$CT$2) | CU12: =IFERROR(VLOOKUP(Procv!R12,Procv!$C$1:$D$21,2,0),"")
A13: =IF('DADOS CSV'!J14="","",'DADOS CSV'!J14) | B13: =IF('DADOS CSV'!N14="","",'DADOS CSV'!N14) | C13: =IF(A13="","",$C$2) | D13: =IF(A13="","",$D$2) | E13: =IF('DADOS CSV'!O14="","",'DADOS CSV'!O14) | F13: =IF(A13="","",$F$2) | G13: =IF(A13="","",$G$2) | CT13: =IF(A13="","",$CT$2) | CU13: =IFERROR(VLOOKUP(Procv!R13,Procv!$C$1:$D$21,2,0),"")
A14: =IF('DADOS CSV'!J15="","",'DADOS CSV'!J15) | B14: =IF('DADOS CSV'!N15="","",'DADOS CSV'!N15) | C14: =IF(A14="","",$C$2) | D14: =IF(A14="","",$D$2) | E14: =IF('DADOS CSV'!O15="","",'DADOS CSV'!O15) | F14: =IF(A14="","",$F$2) | G14: =IF(A14="","",$G$2) | CT14: =IF(A14="","",$CT$2) | CU14: =IFERROR(VLOOKUP(Procv!R14,Procv!$C$1:$D$21,2,0),"")
... A199: =IF('DADOS CSV'!J200="","",'DADOS CSV'!J200) | B199: =IF('DADOS CSV'!N200="","",'DADOS CSV'!N200) | C199: =IF(A199="","",$C$2) | D199: =IF(A199="","",$D$2) | E199: =IF('DADOS CSV'!O200="","",'DADOS CSV'!O200) | F199: =IF(A199="","",$F$2) | G199: =IF(A199="","",$G$2) | CT199: =IF(A199="","",$CT$2) | CU199: =IFERROR(VLOOKUP(Procv!R199,Procv!$C$1:$D$21,2,0),"")

Sheet F U
A1: Nº Ordem | B1: 1º Turno | D1: 2º Turno | F1: Jorna | G1: Desloc | I1: 1 | J1: 1.0416667 | K1: 1.0833333 | L1: 1.125 | M1: 0.16666667 | N1: 0.20833333 | O1: 0.25 | P1: 0.29166667 | Q1: 0.33333333 | R1: 0.375 | S1: 0.41666667 | T1: 0.45833333 | U1: 0.5 | V1: 0.54166667 | W1: 0.58333333 | X1: 0.625 | Y1: 0.66666667 | Z1: 0.70833333 | AA1: 0.75 | AB1: 0.79166667 | AC1: 0.83333333 | AD1: 0.875 | AE1: 0.91666667 | AF1: 0.95833333
B2: Inicio | C2: Término | D2: Inicio | E2: Término | I2: =COUNTIF(I3:I72,"X") -> 0 | J2: =COUNTIF(J3:J72,"X") -> 0 | K2: =COUNTIF(K3:K72,"X") -> 0 | L2: =COUNTIF(L3:L72,"X") -> 0 | M2: =COUNTIF(M3:M72,"X") -> 0 | N2: =COUNTIF(N3:N72,"X") -> 0 | O2: =COUNTIF(O3:O72,"X") -> 0 | P2: =COUNTIF(P3:P72,"X") -> 0 | ... AF2: =COUNTIF(AF3:AF72,"X") -> 0
A3: =IF(B3>=0.000694444444444444,1,"") -> #REF! | B3: =MIN(#REF!)-G3 -> #REF! | C3: =IF(MIN(#REF!)>0.08333,OFFSET(#REF!,MATCH(MIN(#REF!),#REF!,0),-4),MAX(#REF!)) -> #REF! | D3: =IF(MIN(#REF!)>0.08333,OFFSET(#REF!,MATCH(MIN(#REF!),#REF!,0),-2),MIN(#REF!)) -> #REF! | E3: =IF(MIN(#REF!)>0.08333,MAX(#REF!),MAX(#REF!))+G3 -> #REF! | F3: =E3-B3 -> #REF! | G3: 0 | I3: =IF(AND(J$1-$B3>=0.0208333,$C3-I$1>0.0208333),"X",IF(AND(J$1-$D3>=0.0208333,$E3-I$1>0.0208333),"X",IF(MROUND($C3,"01:00")=I$1,IF(J$1-$D3+$C3-I$1>=0.02083,"X",""),""))) -> #REF! | J3: =IF(AND(K$1-$B3>=0.0208333,$C3-J$1>0.0208333),"X",IF(AND(K$1-$D3>=0.0208333,$E3-J$1>0.0208333),"X",IF(MROUND($C3,"01:00")=J$1,IF(K$1-$D3+$C3-J$1>=0.02083,"X",""),""))) -> #REF! | K3: =IF(AND(L$1-$B3>=0.0208333,$C3-K$1>0.0208333),"X",IF(AND(L$1-$D3>=0.0208333,$E3-K$1>0.0208333),"X",IF(MROUND($C3,"01:00")=K$1,IF(L$1-$D3+$C3-K$1>=0.02083,"X",""),""))) -> #REF! | L3: =IF(AND(M$1-$B3>=0.0208333,$C3-L$1>0.0208333),"X",IF(AND(M$1-$D3>=0.0208333,$E3-L$1>0.0208333),"X",IF(MROUND($C3,"01:00")=L$1,IF(M$1-$D3+$C3-L$1>=0.02083,"X",""),""))) -> #REF! | M3: =IF(AND(N$1-$B3>=0.0208333,$C3-M$1>0.0208333),"X",IF(AND(N$1-$D3>=0.0208333,$E3-M$1>0.0208333),"X",IF(MROUND($C3,"01:00")=M$1,IF(N$1-$D3+$C3-M$1>=0.02083,"X",""),""))) -> #REF! | N3: =IF(AND(O$1-$B3>=0.0208333,$C3-N$1>0.0208333),"X",IF(AND(O$1-$D3>=0.0208333,$E3-N$1>0.0208333),"X",IF(MROUND($C3,"01:00")=N$1,IF(O$1-$D3+$C3-N$1>=0.02083,"X",""),""))) -> #REF! | O3: =IF(AND(P$1-$B3>=0.0208333,$C3-O$1>0.0208333),"X",IF(AND(P$1-$D3>=0.0208333,$E3-O$1>0.0208333),"X",IF(MROUND($C3,"01:00")=O$1,IF(P$1-$D3+$C3-O$1>=0.02083,"X",""),""))) -> #REF! | P3: =IF(AND(Q$1-$B3>=0.0208333,$C3-P$1>0.0208333),"X",IF(AND(Q$1-$D3>=0.0208333,$E3-P$1>0.0208333),"X",IF(MROUND($C3,"01:00")=P$1,IF(Q$1-$D3+$C3-P$1>=0.02083,"X",""),""))) -> #REF! | ... AF3: =IF(AND(AG$1-$B3>=0.0208333,$C3-AF$1>0.0208333),"X",IF(AND(AG$1-$D3>=0.0208333,$E3-AF$1>0.0208333),"X",IF(MROUND($C3,"01:00")=AF$1,IF(AG$1-$D3+$C3-AF$1>=0.02083,"X",""),""))) -> #REF!
A4: =IF(B4>0,1+A3,"") -> #REF! | B4: =MIN(#REF!)-G3 -> #REF! | C4: =IF(MIN(#REF!)>0.08333,OFFSET(#REF!,MATCH(MIN(#REF!),#REF!,0),-4),MAX(#REF!)) -> #REF! | D4: =IF(MIN(#REF!)>0.08333,OFFSET(#REF!,MATCH(MIN(#REF!),#REF!,0),-2),MIN(#REF!)) -> #REF! | E4: =IF(MIN(#REF!)>0.08333,MAX(#REF!),MAX(#REF!))+G3 -> #REF! | F4: =E4-B4 -> #REF! | I4: =IF(AND(J$1-$B4>=0.0208333,$C4-I$1>0.0208333),"X",IF(AND(J$1-$D4>=0.0208333,$E4-I$1>0.0208333),"X",IF(MROUND($C4,"01:00")=I$1,IF(J$1-$D4+$C4-I$1>=0.02083,"X",""),""))) -> #REF! | J4: =IF(AND(K$1-$B4>=0.0208333,$C4-J$1>0.0208333),"X",IF(AND(K$1-$D4>=0.0208333,$E4-J$1>0.0208333),"X",IF(MROUND($C4,"01:00")=J$1,IF(K$1-$D4+$C4-J$1>=0.02083,"X",""),""))) -> #REF! | K4: =IF(AND(L$1-$B4>=0.0208333,$C4-K$1>0.0208333),"X",IF(AND(L$1-$D4>=0.0208333,$E4-K$1>0.0208333),"X",IF(MROUND($C4,"01:00")=K$1,IF(L$1-$D4+$C4-K$1>=0.02083,"X",""),""))) -> #REF! | L4: =IF(AND(M$1-$B4>=0.0208333,$C4-L$1>0.0208333),"X",IF(AND(M$1-$D4>=0.0208333,$E4-L$1>0.0208333),"X",IF(MROUND($C4,"01:00")=L$1,IF(M$1-$D4+$C4-L$1>=0.02083,"X",""),""))) -> #REF! | M4: =IF(AND(N$1-$B4>=0.0208333,$C4-M$1>0.0208333),"X",IF(AND(N$1-$D4>=0.0208333,$E4-M$1>0.0208333),"X",IF(MROUND($C4,"01:00")=M$1,IF(N$1-$D4+$C4-M$1>=0.02083,"X",""),""))) -> #REF! | N4: =IF(AND(O$1-$B4>=0.0208333,$C4-N$1>0.0208333),"X",IF(AND(O$1-$D4>=0.0208333,$E4-N$1>0.0208333),"X",IF(MROUND($C4,"01:00")=N$1,IF(O$1-$D4+$C4-N$1>=0.02083,"X",""),""))) -> #REF! | O4: =IF(AND(P$1-$B4>=0.0208333,$C4-O$1>0.0208333),"X",IF(AND(P$1-$D4>=0.0208333,$E4-O$1>0.0208333),"X",IF(MROUND($C4,"01:00")=O$1,IF(P$1-$D4+$C4-O$1>=0.02083,"X",""),""))) -> #REF! | P4: =IF(AND(Q$1-$B4>=0.0208333,$C4-P$1>0.0208333),"X",IF(AND(Q$1-$D4>=0.0208333,$E4-P$1>0.0208333),"X",IF(MROUND($C4,"01:00")=P$1,IF(Q$1-$D4+$C4-P$1>=0.02083,"X",""),""))) -> #REF! | ... AF4: =IF(AND(AG$1-$B4>=0.0208333,$C4-AF$1>0.0208333),"X",IF(AND(AG$1-$D4>=0.0208333,$E4-AF$1>0.0208333),"X",IF(MROUND($C4,"01:00")=AF$1,IF(AG$1-$D4+$C4-AF$1>=0.02083,"X",""),""))) -> #REF!
A5: =IF(B5>0,1+A4,"") -> #REF! | B5: =MIN(#REF!)-G3 -> #REF! | C5: =IF(MIN(#REF!)>0.08333,OFFSET(#REF!,MATCH(MIN(#REF!),#REF!,0),-4),MAX(#REF!)) -> #REF! | D5: =IF(MIN(#REF!)>0.08333,OFFSET(#REF!,MATCH(MIN(#REF!),#REF!,0),-2),MIN(#REF!)) -> #REF! | E5: =IF(MIN(#REF!)>0.08333,MAX(#REF!),MAX(#REF!))+G3 -> #REF! | F5: =E5-B5 -> #REF! | I5: =IF(AND(J$1-$B5>=0.0208333,$C5-I$1>0.0208333),"X",IF(AND(J$1-$D5>=0.0208333,$E5-I$1>0.0208333),"X",IF(MROUND($C5,"01:00")=I$1,IF(J$1-$D5+$C5-I$1>=0.02083,"X",""),""))) -> #REF! | J5: =IF(AND(K$1-$B5>=0.0208333,$C5-J$1>0.0208333),"X",IF(AND(K$1-$D5>=0.0208333,$E5-J$1>0.0208333),"X",IF(MROUND($C5,"01:00")=J$1,IF(K$1-$D5+$C5-J$1>=0.02083,"X",""),""))) -> #REF! | K5: =IF(AND(L$1-$B5>=0.0208333,$C5-K$1>0.0208333),"X",IF(AND(L$1-$D5>=0.0208333,$E5-K$1>0.0208333),"X",IF(MROUND($C5,"01:00")=K$1,IF(L$1-$D5+$C5-K$1>=0.02083,"X",""),""))) -> #REF! | L5: =IF(AND(M$1-$B5>=0.0208333,$C5-L$1>0.0208333),"X",IF(AND(M$1-$D5>=0.0208333,$E5-L$1>0.0208333),"X",IF(MROUND($C5,"01:00")=L$1,IF(M$1-$D5+$C5-L$1>=0.02083,"X",""),""))) -> #REF! | M5: =IF(AND(N$1-$B5>=0.0208333,$C5-M$1>0.0208333),"X",IF(AND(N$1-$D5>=0.0208333,$E5-M$1>0.0208333),"X",IF(MROUND($C5,"01:00")=M$1,IF(N$1-$D5+$C5-M$1>=0.02083,"X",""),""))) -> #REF! | N5: =IF(AND(O$1-$B5>=0.0208333,$C5-N$1>0.0208333),"X",IF(AND(O$1-$D5>=0.0208333,$E5-N$1>0.0208333),"X",IF(MROUND($C5,"01:00")=N$1,IF(O$1-$D5+$C5-N$1>=0.02083,"X",""),""))) -> #REF! | O5: =IF(AND(P$1-$B5>=0.0208333,$C5-O$1>0.0208333),"X",IF(AND(P$1-$D5>=0.0208333,$E5-O$1>0.0208333),"X",IF(MROUND($C5,"01:00")=O$1,IF(P$1-$D5+$C5-O$1>=0.02083,"X",""),""))) -> #REF! | P5: =IF(AND(Q$1-$B5>=0.0208333,$C5-P$1>0.0208333),"X",IF(AND(Q$1-$D5>=0.0208333,$E5-P$1>0.0208333),"X",IF(MROUND($C5,"01:00")=P$1,IF(Q$1-$D5+$C5-P$1>=0.02083,"X",""),""))) -> #REF! | ... AF5: =IF(AND(AG$1-$B5>=0.0208333,$C5-AF$1>0.0208333),"X",IF(AND(AG$1-$D5>=0.0208333,$E5-AF$1>0.0208333),"X",IF(MROUND($C5,"01:00")=AF$1,IF(AG$1-$D5+$C5-AF$1>=0.02083,"X",""),""))) -> #REF!
A6: =IF(B6>0,1+A5,"") -> #REF! | B6: =MIN(#REF!)-G3 -> #REF! | C6: =IF(MIN(#REF!)>0.08333,OFFSET(#REF!,MATCH(MIN(#REF!),#REF!,0),-4),MAX(#REF!)) -> #REF! | D6: =IF(MIN(#REF!)>0.08333,OFFSET(#REF!,MATCH(MIN(#REF!),#REF!,0),-2),MIN(#REF!)) -> #REF! | E6: =IF(MIN(#REF!)>0.08333,MAX(#REF!),MAX(#REF!))+G3 -> #REF! | F6: =E6-B6 -> #REF! | I6: =IF(AND(J$1-$B6>=0.0208333,$C6-I$1>0.0208333),"X",IF(AND(J$1-$D6>=0.0208333,$E6-I$1>0.0208333),"X",IF(MROUND($C6,"01:00")=I$1,IF(J$1-$D6+$C6-I$1>=0.02083,"X",""),""))) -> #REF! | J6: =IF(AND(K$1-$B6>=0.0208333,$C6-J$1>0.0208333),"X",IF(AND(K$1-$D6>=0.0208333,$E6-J$1>0.0208333),"X",IF(MROUND($C6,"01:00")=J$1,IF(K$1-$D6+$C6-J$1>=0.02083,"X",""),""))) -> #REF! | K6: =IF(AND(L$1-$B6>=0.0208333,$C6-K$1>0.0208333),"X",IF(AND(L$1-$D6>=0.0208333,$E6-K$1>0.0208333),"X",IF(MROUND($C6,"01:00")=K$1,IF(L$1-$D6+$C6-K$1>=0.02083,"X",""),""))) -> #REF! | L6: =IF(AND(M$1-$B6>=0.0208333,$C6-L$1>0.0208333),"X",IF(AND(M$1-$D6>=0.0208333,$E6-L$1>0.0208333),"X",IF(MROUND($C6,"01:00")=L$1,IF(M$1-$D6+$C6-L$1>=0.02083,"X",""),""))) -> #REF! | M6: =IF(AND(N$1-$B6>=0.0208333,$C6-M$1>0.0208333),"X",IF(AND(N$1-$D6>=0.0208333,$E6-M$1>0.0208333),"X",IF(MROUND($C6,"01:00")=M$1,IF(N$1-$D6+$C6-M$1>=0.02083,"X",""),""))) -> #REF! | N6: =IF(AND(O$1-$B6>=0.0208333,$C6-N$1>0.0208333),"X",IF(AND(O$1-$D6>=0.0208333,$E6-N$1>0.0208333),"X",IF(MROUND($C6,"01:00")=N$1,IF(O$1-$D6+$C6-N$1>=0.02083,"X",""),""))) -> #REF! | O6: =IF(AND(P$1-$B6>=0.0208333,$C6-O$1>0.0208333),"X",IF(AND(P$1-$D6>=0.0208333,$E6-O$1>0.0208333),"X",IF(MROUND($C6,"01:00")=O$1,IF(P$1-$D6+$C6-O$1>=0.02083,"X",""),""))) -> #REF! | P6: =IF(AND(Q$1-$B6>=0.0208333,$C6-P$1>0.0208333),"X",IF(AND(Q$1-$D6>=0.0208333,$E6-P$1>0.0208333),"X",IF(MROUND($C6,"01:00")=P$1,IF(Q$1-$D6+$C6-P$1>=0.02083,"X",""),""))) -> #REF! | ... AF6: =IF(AND(AG$1-$B6>=0.0208333,$C6-AF$1>0.0208333),"X",IF(AND(AG$1-$D6>=0.0208333,$E6-AF$1>0.0208333),"X",IF(MROUND($C6,"01:00")=AF$1,IF(AG$1-$D6+$C6-AF$1>=0.02083,"X",""),""))) -> #REF!
A7: =IF(B7>0,1+A6,"") -> #REF! | B7: =MIN(#REF!)-G3 -> #REF! | C7: =IF(MIN(#REF!)>0.08333,OFFSET(#REF!,MATCH(MIN(#REF!),#REF!,0),-4),MAX(#REF!)) -> #REF! | D7: =IF(MIN(#REF!)>0.08333,OFFSET(#REF!,MATCH(MIN(#REF!),#REF!,0),-2),MIN(#REF!)) -> #REF! | E7: =IF(MIN(#REF!)>0.08333,MAX(#REF!),MAX(#REF!))+G3 -> #REF! | F7: =E7-B7 -> #REF! | I7: =IF(AND(J$1-$B7>=0.0208333,$C7-I$1>0.0208333),"X",IF(AND(J$1-$D7>=0.0208333,$E7-I$1>0.0208333),"X",IF(MROUND($C7,"01:00")=I$1,IF(J$1-$D7+$C7-I$1>=0.02083,"X",""),""))) -> #REF! | J7: =IF(AND(K$1-$B7>=0.0208333,$C7-J$1>0.0208333),"X",IF(AND(K$1-$D7>=0.0208333,$E7-J$1>0.0208333),"X",IF(MROUND($C7,"01:00")=J$1,IF(K$1-$D7+$C7-J$1>=0.02083,"X",""),""))) -> #REF! | K7: =IF(AND(L$1-$B7>=0.0208333,$C7-K$1>0.0208333),"X",IF(AND(L$1-$D7>=0.0208333,$E7-K$1>0.0208333),"X",IF(MROUND($C7,"01:00")=K$1,IF(L$1-$D7+$C7-K$1>=0.02083,"X",""),""))) -> #REF! | L7: =IF(AND(M$1-$B7>=0.0208333,$C7-L$1>0.0208333),"X",IF(AND(M$1-$D7>=0.0208333,$E7-L$1>0.0208333),"X",IF(MROUND($C7,"01:00")=L$1,IF(M$1-$D7+$C7-L$1>=0.02083,"X",""),""))) -> #REF! | M7: =IF(AND(N$1-$B7>=0.0208333,$C7-M$1>0.0208333),"X",IF(AND(N$1-$D7>=0.0208333,$E7-M$1>0.0208333),"X",IF(MROUND($C7,"01:00")=M$1,IF(N$1-$D7+$C7-M$1>=0.02083,"X",""),""))) -> #REF! | N7: =IF(AND(O$1-$B7>=0.0208333,$C7-N$1>0.0208333),"X",IF(AND(O$1-$D7>=0.0208333,$E7-N$1>0.0208333),"X",IF(MROUND($C7,"01:00")=N$1,IF(O$1-$D7+$C7-N$1>=0.02083,"X",""),""))) -> #REF! | O7: =IF(AND(P$1-$B7>=0.0208333,$C7-O$1>0.0208333),"X",IF(AND(P$1-$D7>=0.0208333,$E7-O$1>0.0208333),"X",IF(MROUND($C7,"01:00")=O$1,IF(P$1-$D7+$C7-O$1>=0.02083,"X",""),""))) -> #REF! | P7: =IF(AND(Q$1-$B7>=0.0208333,$C7-P$1>0.0208333),"X",IF(AND(Q$1-$D7>=0.0208333,$E7-P$1>0.0208333),"X",IF(MROUND($C7,"01:00")=P$1,IF(Q$1-$D7+$C7-P$1>=0.02083,"X",""),""))) -> #REF! | ... AF7: =IF(AND(AG$1-$B7>=0.0208333,$C7-AF$1>0.0208333),"X",IF(AND(AG$1-$D7>=0.0208333,$E7-AF$1>0.0208333),"X",IF(MROUND($C7,"01:00")=AF$1,IF(AG$1-$D7+$C7-AF$1>=0.02083,"X",""),""))) -> #REF!
A8: =IF(B8>0,1+A7,"") -> #REF! | B8: =MIN(#REF!)-G3 -> #REF! | C8: =IF(MIN(#REF!)>0.08333,OFFSET(#REF!,MATCH(MIN(#REF!),#REF!,0),-4),MAX(#REF!)) -> #REF! | D8: =IF(MIN(#REF!)>0.08333,OFFSET(#REF!,MATCH(MIN(#REF!),#REF!,0),-2),MIN(#REF!)) -> #REF! | E8: =IF(MIN(#REF!)>0.08333,MAX(#REF!),MAX(#REF!))+G3 -> #REF! | F8: =E8-B8 -> #REF! | I8: =IF(AND(J$1-$B8>=0.0208333,$C8-I$1>0.0208333),"X",IF(AND(J$1-$D8>=0.0208333,$E8-I$1>0.0208333),"X",IF(MROUND($C8,"01:00")=I$1,IF(J$1-$D8+$C8-I$1>=0.02083,"X",""),""))) -> #REF! | J8: =IF(AND(K$1-$B8>=0.0208333,$C8-J$1>0.0208333),"X",IF(AND(K$1-$D8>=0.0208333,$E8-J$1>0.0208333),"X",IF(MROUND($C8,"01:00")=J$1,IF(K$1-$D8+$C8-J$1>=0.02083,"X",""),""))) -> #REF! | K8: =IF(AND(L$1-$B8>=0.0208333,$C8-K$1>0.0208333),"X",IF(AND(L$1-$D8>=0.0208333,$E8-K$1>0.0208333),"X",IF(MROUND($C8,"01:00")=K$1,IF(L$1-$D8+$C8-K$1>=0.02083,"X",""),""))) -> #REF! | L8: =IF(AND(M$1-$B8>=0.0208333,$C8-L$1>0.0208333),"X",IF(AND(M$1-$D8>=0.0208333,$E8-L$1>0.0208333),"X",IF(MROUND($C8,"01:00")=L$1,IF(M$1-$D8+$C8-L$1>=0.02083,"X",""),""))) -> #REF! | M8: =IF(AND(N$1-$B8>=0.0208333,$C8-M$1>0.0208333),"X",IF(AND(N$1-$D8>=0.0208333,$E8-M$1>0.0208333),"X",IF(MROUND($C8,"01:00")=M$1,IF(N$1-$D8+$C8-M$1>=0.02083,"X",""),""))) -> #REF! | N8: =IF(AND(O$1-$B8>=0.0208333,$C8-N$1>0.0208333),"X",IF(AND(O$1-$D8>=0.0208333,$E8-N$1>0.0208333),"X",IF(MROUND($C8,"01:00")=N$1,IF(O$1-$D8+$C8-N$1>=0.02083,"X",""),""))) -> #REF! | O8: =IF(AND(P$1-$B8>=0.0208333,$C8-O$1>0.0208333),"X",IF(AND(P$1-$D8>=0.0208333,$E8-O$1>0.0208333),"X",IF(MROUND($C8,"01:00")=O$1,IF(P$1-$D8+$C8-O$1>=0.02083,"X",""),""))) -> #REF! | P8: =IF(AND(Q$1-$B8>=0.0208333,$C8-P$1>0.0208333),"X",IF(AND(Q$1-$D8>=0.0208333,$E8-P$1>0.0208333),"X",IF(MROUND($C8,"01:00")=P$1,IF(Q$1-$D8+$C8-P$1>=0.02083,"X",""),""))) -> #REF! | ... AF8: =IF(AND(AG$1-$B8>=0.0208333,$C8-AF$1>0.0208333),"X",IF(AND(AG$1-$D8>=0.0208333,$E8-AF$1>0.0208333),"X",IF(MROUND($C8,"01:00")=AF$1,IF(AG$1-$D8+$C8-AF$1>=0.02083,"X",""),""))) -> #REF!
A9: =IF(B9>0,1+A8,"") -> #REF! | B9: =MIN(#REF!)-G3 -> #REF! | C9: =IF(MIN(#REF!)>0.08333,OFFSET(#REF!,MATCH(MIN(#REF!),#REF!,0),-4),MAX(#REF!)) -> #REF! | D9: =IF(MIN(#REF!)>0.08333,OFFSET(#REF!,MATCH(MIN(#REF!),#REF!,0),-2),MIN(#REF!)) -> #REF! | E9: =IF(MIN(#REF!)>0.08333,MAX(#REF!),MAX(#REF!))+G3 -> #REF! | F9: =E9-B9 -> #REF! | I9: =IF(AND(J$1-$B9>=0.0208333,$C9-I$1>0.0208333),"X",IF(AND(J$1-$D9>=0.0208333,$E9-I$1>0.0208333),"X",IF(MROUND($C9,"01:00")=I$1,IF(J$1-$D9+$C9-I$1>=0.02083,"X",""),""))) -> #REF! | J9: =IF(AND(K$1-$B9>=0.0208333,$C9-J$1>0.0208333),"X",IF(AND(K$1-$D9>=0.0208333,$E9-J$1>0.0208333),"X",IF(MROUND($C9,"01:00")=J$1,IF(K$1-$D9+$C9-J$1>=0.02083,"X",""),""))) -> #REF! | K9: =IF(AND(L$1-$B9>=0.0208333,$C9-K$1>0.0208333),"X",IF(AND(L$1-$D9>=0.0208333,$E9-K$1>0.0208333),"X",IF(MROUND($C9,"01:00")=K$1,IF(L$1-$D9+$C9-K$1>=0.02083,"X",""),""))) -> #REF! | L9: =IF(AND(M$1-$B9>=0.0208333,$C9-L$1>0.0208333),"X",IF(AND(M$1-$D9>=0.0208333,$E9-L$1>0.0208333),"X",IF(MROUND($C9,"01:00")=L$1,IF(M$1-$D9+$C9-L$1>=0.02083,"X",""),""))) -> #REF! | M9: =IF(AND(N$1-$B9>=0.0208333,$C9-M$1>0.0208333),"X",IF(AND(N$1-$D9>=0.0208333,$E9-M$1>0.0208333),"X",IF(MROUND($C9,"01:00")=M$1,IF(N$1-$D9+$C9-M$1>=0.02083,"X",""),""))) -> #REF! | N9: =IF(AND(O$1-$B9>=0.0208333,$C9-N$1>0.0208333),"X",IF(AND(O$1-$D9>=0.0208333,$E9-N$1>0.0208333),"X",IF(MROUND($C9,"01:00")=N$1,IF(O$1-$D9+$C9-N$1>=0.02083,"X",""),""))) -> #REF! | O9: =IF(AND(P$1-$B9>=0.0208333,$C9-O$1>0.0208333),"X",IF(AND(P$1-$D9>=0.0208333,$E9-O$1>0.0208333),"X",IF(MROUND($C9,"01:00")=O$1,IF(P$1-$D9+$C9-O$1>=0.02083,"X",""),""))) -> #REF! | P9: =IF(AND(Q$1-$B9>=0.0208333,$C9-P$1>0.0208333),"X",IF(AND(Q$1-$D9>=0.0208333,$E9-P$1>0.0208333),"X",IF(MROUND($C9,"01:00")=P$1,IF(Q$1-$D9+$C9-P$1>=0.02083,"X",""),""))) -> #REF! | ... AF9: =IF(AND(AG$1-$B9>=0.0208333,$C9-AF$1>0.0208333),"X",IF(AND(AG$1-$D9>=0.0208333,$E9-AF$1>0.0208333),"X",IF(MROUND($C9,"01:00")=AF$1,IF(AG$1-$D9+$C9-AF$1>=0.02083,"X",""),""))) -> #REF!
A10: =IF(B10>0,1+A9,"") -> #REF! | B10: =MIN(#REF!)-G3 -> #REF! | C10: =IF(MIN(#REF!)>0.08333,OFFSET(#REF!,MATCH(MIN(#REF!),#REF!,0),-4),MAX(#REF!)) -> #REF! | D10: =IF(MIN(#REF!)>0.08333,OFFSET(#REF!,MATCH(MIN(#REF!),#REF!,0),-2),MIN(#REF!)) -> #REF! | E10: =IF(MIN(#REF!)>0.08333,MAX(#REF!),MAX(#REF!))+G3 -> #REF! | F10: =E10-B10 -> #REF! | I10: =IF(AND(J$1-$B10>=0.0208333,$C10-I$1>0.0208333),"X",IF(AND(J$1-$D10>=0.0208333,$E10-I$1>0.0208333),"X",IF(MROUND($C10,"01:00")=I$1,IF(J$1-$D10+$C10-I$1>=0.02083,"X",""),""))) -> #REF! | J10: =IF(AND(K$1-$B10>=0.0208333,$C10-J$1>0.0208333),"X",IF(AND(K$1-$D10>=0.0208333,$E10-J$1>0.0208333),"X",IF(MROUND($C10,"01:00")=J$1,IF(K$1-$D10+$C10-J$1>=0.02083,"X",""),""))) -> #REF! | K10: =IF(AND(L$1-$B10>=0.0208333,$C10-K$1>0.0208333),"X",IF(AND(L$1-$D10>=0.0208333,$E10-K$1>0.0208333),"X",IF(MROUND($C10,"01:00")=K$1,IF(L$1-$D10+$C10-K$1>=0.02083,"X",""),""))) -> #REF! | L10: =IF(AND(M$1-$B10>=0.0208333,$C10-L$1>0.0208333),"X",IF(AND(M$1-$D10>=0.0208333,$E10-L$1>0.0208333),"X",IF(MROUND($C10,"01:00")=L$1,IF(M$1-$D10+$C10-L$1>=0.02083,"X",""),""))) -> #REF! | M10: =IF(AND(N$1-$B10>=0.0208333,$C10-M$1>0.0208333),"X",IF(AND(N$1-$D10>=0.0208333,$E10-M$1>0.0208333),"X",IF(MROUND($C10,"01:00")=M$1,IF(N$1-$D10+$C10-M$1>=0.02083,"X",""),""))) -> #REF! | N10: =IF(AND(O$1-$B10>=0.0208333,$C10-N$1>0.0208333),"X",IF(AND(O$1-$D10>=0.0208333,$E10-N$1>0.0208333),"X",IF(MROUND($C10,"01:00")=N$1,IF(O$1-$D10+$C10-N$1>=0.02083,"X",""),""))) -> #REF! | O10: =IF(AND(P$1-$B10>=0.0208333,$C10-O$1>0.0208333),"X",IF(AND(P$1-$D10>=0.0208333,$E10-O$1>0.0208333),"X",IF(MROUND($C10,"01:00")=O$1,IF(P$1-$D10+$C10-O$1>=0.02083,"X",""),""))) -> #REF! | P10: =IF(AND(Q$1-$B10>=0.0208333,$C10-P$1>0.0208333),"X",IF(AND(Q$1-$D10>=0.0208333,$E10-P$1>0.0208333),"X",IF(MROUND($C10,"01:00")=P$1,IF(Q$1-$D10+$C10-P$1>=0.02083,"X",""),""))) -> #REF! | ... AF10: =IF(AND(AG$1-$B10>=0.0208333,$C10-AF$1>0.0208333),"X",IF(AND(AG$1-$D10>=0.0208333,$E10-AF$1>0.0208333),"X",IF(MROUND($C10,"01:00")=AF$1,IF(AG$1-$D10+$C10-AF$1>=0.02083,"X",""),""))) -> #REF!
A11: =IF(B11>0,1+A10,"") -> #REF! | B11: =MIN(#REF!)-G3 -> #REF! | C11: =IF(MIN(#REF!)>0.08333,OFFSET(#REF!,MATCH(MIN(#REF!),#REF!,0),-4),MAX(#REF!)) -> #REF! | D11: =IF(MIN(#REF!)>0.08333,OFFSET(#REF!,MATCH(MIN(#REF!),#REF!,0),-2),MIN(#REF!)) -> #REF! | E11: =IF(MIN(#REF!)>0.08333,MAX(#REF!),MAX(#REF!))+G3 -> #REF! | F11: =E11-B11 -> #REF! | I11: =IF(AND(J$1-$B11>=0.0208333,$C11-I$1>0.0208333),"X",IF(AND(J$1-$D11>=0.0208333,$E11-I$1>0.0208333),"X",IF(MROUND($C11,"01:00")=I$1,IF(J$1-$D11+$C11-I$1>=0.02083,"X",""),""))) -> #REF! | J11: =IF(AND(K$1-$B11>=0.0208333,$C11-J$1>0.0208333),"X",IF(AND(K$1-$D11>=0.0208333,$E11-J$1>0.0208333),"X",IF(MROUND($C11,"01:00")=J$1,IF(K$1-$D11+$C11-J$1>=0.02083,"X",""),""))) -> #REF! | K11: =IF(AND(L$1-$B11>=0.0208333,$C11-K$1>0.0208333),"X",IF(AND(L$1-$D11>=0.0208333,$E11-K$1>0.0208333),"X",IF(MROUND($C11,"01:00")=K$1,IF(L$1-$D11+$C11-K$1>=0.02083,"X",""),""))) -> #REF! | L11: =IF(AND(M$1-$B11>=0.0208333,$C11-L$1>0.0208333),"X",IF(AND(M$1-$D11>=0.0208333,$E11-L$1>0.0208333),"X",IF(MROUND($C11,"01:00")=L$1,IF(M$1-$D11+$C11-L$1>=0.02083,"X",""),""))) -> #REF! | M11: =IF(AND(N$1-$B11>=0.0208333,$C11-M$1>0.0208333),"X",IF(AND(N$1-$D11>=0.0208333,$E11-M$1>0.0208333),"X",IF(MROUND($C11,"01:00")=M$1,IF(N$1-$D11+$C11-M$1>=0.02083,"X",""),""))) -> #REF! | N11: =IF(AND(O$1-$B11>=0.0208333,$C11-N$1>0.0208333),"X",IF(AND(O$1-$D11>=0.0208333,$E11-N$1>0.0208333),"X",IF(MROUND($C11,"01:00")=N$1,IF(O$1-$D11+$C11-N$1>=0.02083,"X",""),""))) -> #REF! | O11: =IF(AND(P$1-$B11>=0.0208333,$C11-O$1>0.0208333),"X",IF(AND(P$1-$D11>=0.0208333,$E11-O$1>0.0208333),"X",IF(MROUND($C11,"01:00")=O$1,IF(P$1-$D11+$C11-O$1>=0.02083,"X",""),""))) -> #REF! | P11: =IF(AND(Q$1-$B11>=0.0208333,$C11-P$1>0.0208333),"X",IF(AND(Q$1-$D11>=0.0208333,$E11-P$1>0.0208333),"X",IF(MROUND($C11,"01:00")=P$1,IF(Q$1-$D11+$C11-P$1>=0.02083,"X",""),""))) -> #REF! | ... AF11: =IF(AND(AG$1-$B11>=0.0208333,$C11-AF$1>0.0208333),"X",IF(AND(AG$1-$D11>=0.0208333,$E11-AF$1>0.0208333),"X",IF(MROUND($C11,"01:00")=AF$1,IF(AG$1-$D11+$C11-AF$1>=0.02083,"X",""),""))) -> #REF!
A12: =IF(B12>0,1+A11,"") -> #REF! | B12: =MIN(#REF!)-G3 -> #REF! | C12: =IF(MIN(#REF!)>0.08333,OFFSET(#REF!,MATCH(MIN(#REF!),#REF!,0),-4),MAX(#REF!)) -> #REF! | D12: =IF(MIN(#REF!)>0.08333,OFFSET(#REF!,MATCH(MIN(#REF!),#REF!,0),-2),MIN(#REF!)) -> #REF! | E12: =IF(MIN(#REF!)>0.08333,MAX(#REF!),MAX(#REF!))+G3 -> #REF! | F12: =E12-B12 -> #REF! | I12: =IF(AND(J$1-$B12>=0.0208333,$C12-I$1>0.0208333),"X",IF(AND(J$1-$D12>=0.0208333,$E12-I$1>0.0208333),"X",IF(MROUND($C12,"01:00")=I$1,IF(J$1-$D12+$C12-I$1>=0.02083,"X",""),""))) -> #REF! | J12: =IF(AND(K$1-$B12>=0.0208333,$C12-J$1>0.0208333),"X",IF(AND(K$1-$D12>=0.0208333,$E12-J$1>0.0208333),"X",IF(MROUND($C12,"01:00")=J$1,IF(K$1-$D12+$C12-J$1>=0.02083,"X",""),""))) -> #REF! | K12: =IF(AND(L$1-$B12>=0.0208333,$C12-K$1>0.0208333),"X",IF(AND(L$1-$D12>=0.0208333,$E12-K$1>0.0208333),"X",IF(MROUND($C12,"01:00")=K$1,IF(L$1-$D12+$C12-K$1>=0.02083,"X",""),""))) -> #REF! | L12: =IF(AND(M$1-$B12>=0.0208333,$C12-L$1>0.0208333),"X",IF(AND(M$1-$D12>=0.0208333,$E12-L$1>0.0208333),"X",IF(MROUND($C12,"01:00")=L$1,IF(M$1-$D12+$C12-L$1>=0.02083,"X",""),""))) -> #REF! | M12: =IF(AND(N$1-$B12>=0.0208333,$C12-M$1>0.0208333),"X",IF(AND(N$1-$D12>=0.0208333,$E12-M$1>0.0208333),"X",IF(MROUND($C12,"01:00")=M$1,IF(N$1-$D12+$C12-M$1>=0.02083,"X",""),""))) -> #REF! | N12: =IF(AND(O$1-$B12>=0.0208333,$C12-N$1>0.0208333),"X",IF(AND(O$1-$D12>=0.0208333,$E12-N$1>0.0208333),"X",IF(MROUND($C12,"01:00")=N$1,IF(O$1-$D12+$C12-N$1>=0.02083,"X",""),""))) -> #REF! | O12: =IF(AND(P$1-$B12>=0.0208333,$C12-O$1>0.0208333),"X",IF(AND(P$1-$D12>=0.0208333,$E12-O$1>0.0208333),"X",IF(MROUND($C12,"01:00")=O$1,IF(P$1-$D12+$C12-O$1>=0.02083,"X",""),""))) -> #REF! | P12: =IF(AND(Q$1-$B12>=0.0208333,$C12-P$1>0.0208333),"X",IF(AND(Q$1-$D12>=0.0208333,$E12-P$1>0.0208333),"X",IF(MROUND($C12,"01:00")=P$1,IF(Q$1-$D12+$C12-P$1>=0.02083,"X",""),""))) -> #REF! | ... AF12: =IF(AND(AG$1-$B12>=0.0208333,$C12-AF$1>0.0208333),"X",IF(AND(AG$1-$D12>=0.0208333,$E12-AF$1>0.0208333),"X",IF(MROUND($C12,"01:00")=AF$1,IF(AG$1-$D12+$C12-AF$1>=0.02083,"X",""),""))) -> #REF!
A13: =IF(B13>0,1+A12,"") -> #REF! | B13: =MIN(#REF!)-G3 -> #REF! | C13: =IF(MIN(#REF!)>0.08333,OFFSET(#REF!,MATCH(MIN(#REF!),#REF!,0),-4),MAX(#REF!)) -> #REF! | D13: =IF(MIN(#REF!)>0.08333,OFFSET(#REF!,MATCH(MIN(#REF!),#REF!,0),-2),MIN(#REF!)) -> #REF! | E13: =IF(MIN(#REF!)>0.08333,MAX(#REF!),MAX(#REF!))+G3 -> #REF! | F13: =E13-B13 -> #REF! | I13: =IF(AND(J$1-$B13>=0.0208333,$C13-I$1>0.0208333),"X",IF(AND(J$1-$D13>=0.0208333,$E13-I$1>0.0208333),"X",IF(MROUND($C13,"01:00")=I$1,IF(J$1-$D13+$C13-I$1>=0.02083,"X",""),""))) -> #REF! | J13: =IF(AND(K$1-$B13>=0.0208333,$C13-J$1>0.0208333),"X",IF(AND(K$1-$D13>=0.0208333,$E13-J$1>0.0208333),"X",IF(MROUND($C13,"01:00")=J$1,IF(K$1-$D13+$C13-J$1>=0.02083,"X",""),""))) -> #REF! | K13: =IF(AND(L$1-$B13>=0.0208333,$C13-K$1>0.0208333),"X",IF(AND(L$1-$D13>=0.0208333,$E13-K$1>0.0208333),"X",IF(MROUND($C13,"01:00")=K$1,IF(L$1-$D13+$C13-K$1>=0.02083,"X",""),""))) -> #REF! | L13: =IF(AND(M$1-$B13>=0.0208333,$C13-L$1>0.0208333),"X",IF(AND(M$1-$D13>=0.0208333,$E13-L$1>0.0208333),"X",IF(MROUND($C13,"01:00")=L$1,IF(M$1-$D13+$C13-L$1>=0.02083,"X",""),""))) -> #REF! | M13: =IF(AND(N$1-$B13>=0.0208333,$C13-M$1>0.0208333),"X",IF(AND(N$1-$D13>=0.0208333,$E13-M$1>0.0208333),"X",IF(MROUND($C13,"01:00")=M$1,IF(N$1-$D13+$C13-M$1>=0.02083,"X",""),""))) -> #REF! | N13: =IF(AND(O$1-$B13>=0.0208333,$C13-N$1>0.0208333),"X",IF(AND(O$1-$D13>=0.0208333,$E13-N$1>0.0208333),"X",IF(MROUND($C13,"01:00")=N$1,IF(O$1-$D13+$C13-N$1>=0.02083,"X",""),""))) -> #REF! | O13: =IF(AND(P$1-$B13>=0.0208333,$C13-O$1>0.0208333),"X",IF(AND(P$1-$D13>=0.0208333,$E13-O$1>0.0208333),"X",IF(MROUND($C13,"01:00")=O$1,IF(P$1-$D13+$C13-O$1>=0.02083,"X",""),""))) -> #REF! | P13: =IF(AND(Q$1-$B13>=0.0208333,$C13-P$1>0.0208333),"X",IF(AND(Q$1-$D13>=0.0208333,$E13-P$1>0.0208333),"X",IF(MROUND($C13,"01:00")=P$1,IF(Q$1-$D13+$C13-P$1>=0.02083,"X",""),""))) -> #REF! | ... AF13: =IF(AND(AG$1-$B13>=0.0208333,$C13-AF$1>0.0208333),"X",IF(AND(AG$1-$D13>=0.0208333,$E13-AF$1>0.0208333),"X",IF(MROUND($C13,"01:00")=AF$1,IF(AG$1-$D13+$C13-AF$1>=0.02083,"X",""),""))) -> #REF!
A14: =IF(B14>0,1+A13,"") -> #REF! | B14: =MIN(#REF!)-G3 -> #REF! | C14: =IF(MIN(#REF!)>0.08333,OFFSET(#REF!,MATCH(MIN(#REF!),#REF!,0),-4),MAX(#REF!)) -> #REF! | D14: =IF(MIN(#REF!)>0.08333,OFFSET(#REF!,MATCH(MIN(#REF!),#REF!,0),-2),MIN(#REF!)) -> #REF! | E14: =IF(MIN(#REF!)>0.08333,MAX(#REF!),MAX(#REF!))+G3 -> #REF! | F14: =E14-B14 -> #REF! | I14: =IF(AND(J$1-$B14>=0.0208333,$C14-I$1>0.0208333),"X",IF(AND(J$1-$D14>=0.0208333,$E14-I$1>0.0208333),"X",IF(MROUND($C14,"01:00")=I$1,IF(J$1-$D14+$C14-I$1>=0.02083,"X",""),""))) -> #REF! | J14: =IF(AND(K$1-$B14>=0.0208333,$C14-J$1>0.0208333),"X",IF(AND(K$1-$D14>=0.0208333,$E14-J$1>0.0208333),"X",IF(MROUND($C14,"01:00")=J$1,IF(K$1-$D14+$C14-J$1>=0.02083,"X",""),""))) -> #REF! | K14: =IF(AND(L$1-$B14>=0.0208333,$C14-K$1>0.0208333),"X",IF(AND(L$1-$D14>=0.0208333,$E14-K$1>0.0208333),"X",IF(MROUND($C14,"01:00")=K$1,IF(L$1-$D14+$C14-K$1>=0.02083,"X",""),""))) -> #REF! | L14: =IF(AND(M$1-$B14>=0.0208333,$C14-L$1>0.0208333),"X",IF(AND(M$1-$D14>=0.0208333,$E14-L$1>0.0208333),"X",IF(MROUND($C14,"01:00")=L$1,IF(M$1-$D14+$C14-L$1>=0.02083,"X",""),""))) -> #REF! | M14: =IF(AND(N$1-$B14>=0.0208333,$C14-M$1>0.0208333),"X",IF(AND(N$1-$D14>=0.0208333,$E14-M$1>0.0208333),"X",IF(MROUND($C14,"01:00")=M$1,IF(N$1-$D14+$C14-M$1>=0.02083,"X",""),""))) -> #REF! | N14: =IF(AND(O$1-$B14>=0.0208333,$C14-N$1>0.0208333),"X",IF(AND(O$1-$D14>=0.0208333,$E14-N$1>0.0208333),"X",IF(MROUND($C14,"01:00")=N$1,IF(O$1-$D14+$C14-N$1>=0.02083,"X",""),""))) -> #REF! | O14: =IF(AND(P$1-$B14>=0.0208333,$C14-O$1>0.0208333),"X",IF(AND(P$1-$D14>=0.0208333,$E14-O$1>0.0208333),"X",IF(MROUND($C14,"01:00")=O$1,IF(P$1-$D14+$C14-O$1>=0.02083,"X",""),""))) -> #REF! | P14: =IF(AND(Q$1-$B14>=0.0208333,$C14-P$1>0.0208333),"X",IF(AND(Q$1-$D14>=0.0208333,$E14-P$1>0.0208333),"X",IF(MROUND($C14,"01:00")=P$1,IF(Q$1-$D14+$C14-P$1>=0.02083,"X",""),""))) -> #REF! | ... AF14: =IF(AND(AG$1-$B14>=0.0208333,$C14-AF$1>0.0208333),"X",IF(AND(AG$1-$D14>=0.0208333,$E14-AF$1>0.0208333),"X",IF(MROUND($C14,"01:00")=AF$1,IF(AG$1-$D14+$C14-AF$1>=0.02083,"X",""),""))) -> #REF!
A15: =IF(B15>0,1+A14,"") -> #REF! | B15: =MIN(#REF!)-G3 -> #REF! | C15: =IF(MIN(#REF!)>0.08333,OFFSET(#REF!,MATCH(MIN(#REF!),#REF!,0),-4),MAX(#REF!)) -> #REF! | D15: =IF(MIN(#REF!)>0.08333,OFFSET(#REF!,MATCH(MIN(#REF!),#REF!,0),-2),MIN(#REF!)) -> #REF! | E15: =IF(MIN(#REF!)>0.08333,MAX(#REF!),MAX(#REF!))+G3 -> #REF! | F15: =E15-B15 -> #REF! | I15: =IF(AND(J$1-$B15>=0.0208333,$C15-I$1>0.0208333),"X",IF(AND(J$1-$D15>=0.0208333,$E15-I$1>0.0208333),"X",IF(MROUND($C15,"01:00")=I$1,IF(J$1-$D15+$C15-I$1>=0.02083,"X",""),""))) -> #REF! | J15: =IF(AND(K$1-$B15>=0.0208333,$C15-J$1>0.0208333),"X",IF(AND(K$1-$D15>=0.0208333,$E15-J$1>0.0208333),"X",IF(MROUND($C15,"01:00")=J$1,IF(K$1-$D15+$C15-J$1>=0.02083,"X",""),""))) -> #REF! | K15: =IF(AND(L$1-$B15>=0.0208333,$C15-K$1>0.0208333),"X",IF(AND(L$1-$D15>=0.0208333,$E15-K$1>0.0208333),"X",IF(MROUND($C15,"01:00")=K$1,IF(L$1-$D15+$C15-K$1>=0.02083,"X",""),""))) -> #REF! | L15: =IF(AND(M$1-$B15>=0.0208333,$C15-L$1>0.0208333),"X",IF(AND(M$1-$D15>=0.0208333,$E15-L$1>0.0208333),"X",IF(MROUND($C15,"01:00")=L$1,IF(M$1-$D15+$C15-L$1>=0.02083,"X",""),""))) -> #REF! | M15: =IF(AND(N$1-$B15>=0.0208333,$C15-M$1>0.0208333),"X",IF(AND(N$1-$D15>=0.0208333,$E15-M$1>0.0208333),"X",IF(MROUND($C15,"01:00")=M$1,IF(N$1-$D15+$C15-M$1>=0.02083,"X",""),""))) -> #REF! | N15: =IF(AND(O$1-$B15>=0.0208333,$C15-N$1>0.0208333),"X",IF(AND(O$1-$D15>=0.0208333,$E15-N$1>0.0208333),"X",IF(MROUND($C15,"01:00")=N$1,IF(O$1-$D15+$C15-N$1>=0.02083,"X",""),""))) -> #REF! | O15: =IF(AND(P$1-$B15>=0.0208333,$C15-O$1>0.0208333),"X",IF(AND(P$1-$D15>=0.0208333,$E15-O$1>0.0208333),"X",IF(MROUND($C15,"01:00")=O$1,IF(P$1-$D15+$C15-O$1>=0.02083,"X",""),""))) -> #REF! | P15: =IF(AND(Q$1-$B15>=0.0208333,$C15-P$1>0.0208333),"X",IF(AND(Q$1-$D15>=0.0208333,$E15-P$1>0.0208333),"X",IF(MROUND($C15,"01:00")=P$1,IF(Q$1-$D15+$C15-P$1>=0.02083,"X",""),""))) -> #REF! | ... AF15: =IF(AND(AG$1-$B15>=0.0208333,$C15-AF$1>0.0208333),"X",IF(AND(AG$1-$D15>=0.0208333,$E15-AF$1>0.0208333),"X",IF(MROUND($C15,"01:00")=AF$1,IF(AG$1-$D15+$C15-AF$1>=0.02083,"X",""),""))) -> #REF!
A16: =IF(B16>0,1+A15,"") -> #REF! | B16: =MIN(#REF!)-G3 -> #REF! | C16: =IF(MIN(#REF!)>0.08333,OFFSET(#REF!,MATCH(MIN(#REF!),#REF!,0),-4),MAX(#REF!)) -> #REF! | D16: =IF(MIN(#REF!)>0.08333,OFFSET(#REF!,MATCH(MIN(#REF!),#REF!,0),-2),MIN(#REF!)) -> #REF! | E16: =IF(MIN(#REF!)>0.08333,MAX(#REF!),MAX(#REF!))+G3 -> #REF! | F16: =E16-B16 -> #REF! | I16: =IF(AND(J$1-$B16>=0.0208333,$C16-I$1>0.0208333),"X",IF(AND(J$1-$D16>=0.0208333,$E16-I$1>0.0208333),"X",IF(MROUND($C16,"01:00")=I$1,IF(J$1-$D16+$C16-I$1>=0.02083,"X",""),""))) -> #REF! | J16: =IF(AND(K$1-$B16>=0.0208333,$C16-J$1>0.0208333),"X",IF(AND(K$1-$D16>=0.0208333,$E16-J$1>0.0208333),"X",IF(MROUND($C16,"01:00")=J$1,IF(K$1-$D16+$C16-J$1>=0.02083,"X",""),""))) -> #REF! | K16: =IF(AND(L$1-$B16>=0.0208333,$C16-K$1>0.0208333),"X",IF(AND(L$1-$D16>=0.0208333,$E16-K$1>0.0208333),"X",IF(MROUND($C16,"01:00")=K$1,IF(L$1-$D16+$C16-K$1>=0.02083,"X",""),""))) -> #REF! | L16: =IF(AND(M$1-$B16>=0.0208333,$C16-L$1>0.0208333),"X",IF(AND(M$1-$D16>=0.0208333,$E16-L$1>0.0208333),"X",IF(MROUND($C16,"01:00")=L$1,IF(M$1-$D16+$C16-L$1>=0.02083,"X",""),""))) -> #REF! | M16: =IF(AND(N$1-$B16>=0.0208333,$C16-M$1>0.0208333),"X",IF(AND(N$1-$D16>=0.0208333,$E16-M$1>0.0208333),"X",IF(MROUND($C16,"01:00")=M$1,IF(N$1-$D16+$C16-M$1>=0.02083,"X",""),""))) -> #REF! | N16: =IF(AND(O$1-$B16>=0.0208333,$C16-N$1>0.0208333),"X",IF(AND(O$1-$D16>=0.0208333,$E16-N$1>0.0208333),"X",IF(MROUND($C16,"01:00")=N$1,IF(O$1-$D16+$C16-N$1>=0.02083,"X",""),""))) -> #REF! | O16: =IF(AND(P$1-$B16>=0.0208333,$C16-O$1>0.0208333),"X",IF(AND(P$1-$D16>=0.0208333,$E16-O$1>0.0208333),"X",IF(MROUND($C16,"01:00")=O$1,IF(P$1-$D16+$C16-O$1>=0.02083,"X",""),""))) -> #REF! | P16: =IF(AND(Q$1-$B16>=0.0208333,$C16-P$1>0.0208333),"X",IF(AND(Q$1-$D16>=0.0208333,$E16-P$1>0.0208333),"X",IF(MROUND($C16,"01:00")=P$1,IF(Q$1-$D16+$C16-P$1>=0.02083,"X",""),""))) -> #REF! | ... AF16: =IF(AND(AG$1-$B16>=0.0208333,$C16-AF$1>0.0208333),"X",IF(AND(AG$1-$D16>=0.0208333,$E16-AF$1>0.0208333),"X",IF(MROUND($C16,"01:00")=AF$1,IF(AG$1-$D16+$C16-AF$1>=0.02083,"X",""),""))) -> #REF!
A17: =IF(B17>0,1+A16,"") -> #REF! | B17: =MIN(#REF!)-G3 -> #REF! | C17: =IF(MIN(#REF!)>0.08333,OFFSET(#REF!,MATCH(MIN(#REF!),#REF!,0),-4),MAX(#REF!)) -> #REF! | D17: =IF(MIN(#REF!)>0.08333,OFFSET(#REF!,MATCH(MIN(#REF!),#REF!,0),-2),MIN(#REF!)) -> #REF! | E17: =IF(MIN(#REF!)>0.08333,MAX(#REF!),MAX(#REF!))+G3 -> #REF! | F17: =E17-B17 -> #REF! | I17: =IF(AND(J$1-$B17>=0.0208333,$C17-I$1>0.0208333),"X",IF(AND(J$1-$D17>=0.0208333,$E17-I$1>0.0208333),"X",IF(MROUND($C17,"01:00")=I$1,IF(J$1-$D17+$C17-I$1>=0.02083,"X",""),""))) -> #REF! | J17: =IF(AND(K$1-$B17>=0.0208333,$C17-J$1>0.0208333),"X",IF(AND(K$1-$D17>=0.0208333,$E17-J$1>0.0208333),"X",IF(MROUND($C17,"01:00")=J$1,IF(K$1-$D17+$C17-J$1>=0.02083,"X",""),""))) -> #REF! | K17: =IF(AND(L$1-$B17>=0.0208333,$C17-K$1>0.0208333),"X",IF(AND(L$1-$D17>=0.0208333,$E17-K$1>0.0208333),"X",IF(MROUND($C17,"01:00")=K$1,IF(L$1-$D17+$C17-K$1>=0.02083,"X",""),""))) -> #REF! | L17: =IF(AND(M$1-$B17>=0.0208333,$C17-L$1>0.0208333),"X",IF(AND(M$1-$D17>=0.0208333,$E17-L$1>0.0208333),"X",IF(MROUND($C17,"01:00")=L$1,IF(M$1-$D17+$C17-L$1>=0.02083,"X",""),""))) -> #REF! | M17: =IF(AND(N$1-$B17>=0.0208333,$C17-M$1>0.0208333),"X",IF(AND(N$1-$D17>=0.0208333,$E17-M$1>0.0208333),"X",IF(MROUND($C17,"01:00")=M$1,IF(N$1-$D17+$C17-M$1>=0.02083,"X",""),""))) -> #REF! | N17: =IF(AND(O$1-$B17>=0.0208333,$C17-N$1>0.0208333),"X",IF(AND(O$1-$D17>=0.0208333,$E17-N$1>0.0208333),"X",IF(MROUND($C17,"01:00")=N$1,IF(O$1-$D17+$C17-N$1>=0.02083,"X",""),""))) -> #REF! | O17: =IF(AND(P$1-$B17>=0.0208333,$C17-O$1>0.0208333),"X",IF(AND(P$1-$D17>=0.0208333,$E17-O$1>0.0208333),"X",IF(MROUND($C17,"01:00")=O$1,IF(P$1-$D17+$C17-O$1>=0.02083,"X",""),""))) -> #REF! | P17: =IF(AND(Q$1-$B17>=0.0208333,$C17-P$1>0.0208333),"X",IF(AND(Q$1-$D17>=0.0208333,$E17-P$1>0.0208333),"X",IF(MROUND($C17,"01:00")=P$1,IF(Q$1-$D17+$C17-P$1>=0.02083,"X",""),""))) -> #REF! | ... AF17: =IF(AND(AG$1-$B17>=0.0208333,$C17-AF$1>0.0208333),"X",IF(AND(AG$1-$D17>=0.0208333,$E17-AF$1>0.0208333),"X",IF(MROUND($C17,"01:00")=AF$1,IF(AG$1-$D17+$C17-AF$1>=0.02083,"X",""),""))) -> #REF!
A18: =IF(B18>0,1+A17,"") -> #REF! | B18: =MIN(#REF!)-G3 -> #REF! | C18: =IF(MIN(#REF!)>0.08333,OFFSET(#REF!,MATCH(MIN(#REF!),#REF!,0),-4),MAX(#REF!)) -> #REF! | D18: =IF(MIN(#REF!)>0.08333,OFFSET(#REF!,MATCH(MIN(#REF!),#REF!,0),-2),MIN(#REF!)) -> #REF! | E18: =IF(MIN(#REF!)>0.08333,MAX(#REF!),MAX(#REF!))+G3 -> #REF! | F18: =E18-B18 -> #REF! | I18: =IF(AND(J$1-$B18>=0.0208333,$C18-I$1>0.0208333),"X",IF(AND(J$1-$D18>=0.0208333,$E18-I$1>0.0208333),"X",IF(MROUND($C18,"01:00")=I$1,IF(J$1-$D18+$C18-I$1>=0.02083,"X",""),""))) -> #REF! | J18: =IF(AND(K$1-$B18>=0.0208333,$C18-J$1>0.0208333),"X",IF(AND(K$1-$D18>=0.0208333,$E18-J$1>0.0208333),"X",IF(MROUND($C18,"01:00")=J$1,IF(K$1-$D18+$C18-J$1>=0.02083,"X",""),""))) -> #REF! | K18: =IF(AND(L$1-$B18>=0.0208333,$C18-K$1>0.0208333),"X",IF(AND(L$1-$D18>=0.0208333,$E18-K$1>0.0208333),"X",IF(MROUND($C18,"01:00")=K$1,IF(L$1-$D18+$C18-K$1>=0.02083,"X",""),""))) -> #REF! | L18: =IF(AND(M$1-$B18>=0.0208333,$C18-L$1>0.0208333),"X",IF(AND(M$1-$D18>=0.0208333,$E18-L$1>0.0208333),"X",IF(MROUND($C18,"01:00")=L$1,IF(M$1-$D18+$C18-L$1>=0.02083,"X",""),""))) -> #REF! | M18: =IF(AND(N$1-$B18>=0.0208333,$C18-M$1>0.0208333),"X",IF(AND(N$1-$D18>=0.0208333,$E18-M$1>0.0208333),"X",IF(MROUND($C18,"01:00")=M$1,IF(N$1-$D18+$C18-M$1>=0.02083,"X",""),""))) -> #REF! | N18: =IF(AND(O$1-$B18>=0.0208333,$C18-N$1>0.0208333),"X",IF(AND(O$1-$D18>=0.0208333,$E18-N$1>0.0208333),"X",IF(MROUND($C18,"01:00")=N$1,IF(O$1-$D18+$C18-N$1>=0.02083,"X",""),""))) -> #REF! | O18: =IF(AND(P$1-$B18>=0.0208333,$C18-O$1>0.0208333),"X",IF(AND(P$1-$D18>=0.0208333,$E18-O$1>0.0208333),"X",IF(MROUND($C18,"01:00")=O$1,IF(P$1-$D18+$C18-O$1>=0.02083,"X",""),""))) -> #REF! | P18: =IF(AND(Q$1-$B18>=0.0208333,$C18-P$1>0.0208333),"X",IF(AND(Q$1-$D18>=0.0208333,$E18-P$1>0.0208333),"X",IF(MROUND($C18,"01:00")=P$1,IF(Q$1-$D18+$C18-P$1>=0.02083,"X",""),""))) -> #REF! | ... AF18: =IF(AND(AG$1-$B18>=0.0208333,$C18-AF$1>0.0208333),"X",IF(AND(AG$1-$D18>=0.0208333,$E18-AF$1>0.0208333),"X",IF(MROUND($C18,"01:00")=AF$1,IF(AG$1-$D18+$C18-AF$1>=0.02083,"X",""),""))) -> #REF!
A19: =IF(B19>0,1+A18,"") -> #REF! | B19: =MIN(#REF!)-G3 -> #REF! | C19: =IF(MIN(#REF!)>0.08333,OFFSET(#REF!,MATCH(MIN(#REF!),#REF!,0),-4),MAX(#REF!)) -> #REF! | D19: =IF(MIN(#REF!)>0.08333,OFFSET(#REF!,MATCH(MIN(#REF!),#REF!,0),-2),MIN(#REF!)) -> #REF! | E19: =IF(MIN(#REF!)>0.08333,MAX(#REF!),MAX(#REF!))+G3 -> #REF! | F19: =E19-B19 -> #REF! | I19: =IF(AND(J$1-$B19>=0.0208333,$C19-I$1>0.0208333),"X",IF(AND(J$1-$D19>=0.0208333,$E19-I$1>0.0208333),"X",IF(MROUND($C19,"01:00")=I$1,IF(J$1-$D19+$C19-I$1>=0.02083,"X",""),""))) -> #REF! | J19: =IF(AND(K$1-$B19>=0.0208333,$C19-J$1>0.0208333),"X",IF(AND(K$1-$D19>=0.0208333,$E19-J$1>0.0208333),"X",IF(MROUND($C19,"01:00")=J$1,IF(K$1-$D19+$C19-J$1>=0.02083,"X",""),""))) -> #REF! | K19: =IF(AND(L$1-$B19>=0.0208333,$C19-K$1>0.0208333),"X",IF(AND(L$1-$D19>=0.0208333,$E19-K$1>0.0208333),"X",IF(MROUND($C19,"01:00")=K$1,IF(L$1-$D19+$C19-K$1>=0.02083,"X",""),""))) -> #REF! | L19: =IF(AND(M$1-$B19>=0.0208333,$C19-L$1>0.0208333),"X",IF(AND(M$1-$D19>=0.0208333,$E19-L$1>0.0208333),"X",IF(MROUND($C19,"01:00")=L$1,IF(M$1-$D19+$C19-L$1>=0.02083,"X",""),""))) -> #REF! | M19: =IF(AND(N$1-$B19>=0.0208333,$C19-M$1>0.0208333),"X",IF(AND(N$1-$D19>=0.0208333,$E19-M$1>0.0208333),"X",IF(MROUND($C19,"01:00")=M$1,IF(N$1-$D19+$C19-M$1>=0.02083,"X",""),""))) -> #REF! | N19: =IF(AND(O$1-$B19>=0.0208333,$C19-N$1>0.0208333),"X",IF(AND(O$1-$D19>=0.0208333,$E19-N$1>0.0208333),"X",IF(MROUND($C19,"01:00")=N$1,IF(O$1-$D19+$C19-N$1>=0.02083,"X",""),""))) -> #REF! | O19: =IF(AND(P$1-$B19>=0.0208333,$C19-O$1>0.0208333),"X",IF(AND(P$1-$D19>=0.0208333,$E19-O$1>0.0208333),"X",IF(MROUND($C19,"01:00")=O$1,IF(P$1-$D19+$C19-O$1>=0.02083,"X",""),""))) -> #REF! | P19: =IF(AND(Q$1-$B19>=0.0208333,$C19-P$1>0.0208333),"X",IF(AND(Q$1-$D19>=0.0208333,$E19-P$1>0.0208333),"X",IF(MROUND($C19,"01:00")=P$1,IF(Q$1-$D19+$C19-P$1>=0.02083,"X",""),""))) -> #REF! | ... AF19: =IF(AND(AG$1-$B19>=0.0208333,$C19-AF$1>0.0208333),"X",IF(AND(AG$1-$D19>=0.0208333,$E19-AF$1>0.0208333),"X",IF(MROUND($C19,"01:00")=AF$1,IF(AG$1-$D19+$C19-AF$1>=0.02083,"X",""),""))) -> #REF!
A20: =IF(B20>0,1+A19,"") -> #REF! | B20: =MIN(#REF!)-G3 -> #REF! | C20: =IF(MIN(#REF!)>0.08333,OFFSET(#REF!,MATCH(MIN(#REF!),#REF!,0),-4),MAX(#REF!)) -> #REF! | D20: =IF(MIN(#REF!)>0.08333,OFFSET(#REF!,MATCH(MIN(#REF!),#REF!,0),-2),MIN(#REF!)) -> #REF! | E20: =IF(MIN(#REF!)>0.08333,MAX(#REF!),MAX(#REF!))+G3 -> #REF! | F20: =E20-B20 -> #REF! | I20: =IF(AND(J$1-$B20>=0.0208333,$C20-I$1>0.0208333),"X",IF(AND(J$1-$D20>=0.0208333,$E20-I$1>0.0208333),"X",IF(MROUND($C20,"01:00")=I$1,IF(J$1-$D20+$C20-I$1>=0.02083,"X",""),""))) -> #REF! | J20: =IF(AND(K$1-$B20>=0.0208333,$C20-J$1>0.0208333),"X",IF(AND(K$1-$D20>=0.0208333,$E20-J$1>0.0208333),"X",IF(MROUND($C20,"01:00")=J$1,IF(K$1-$D20+$C20-J$1>=0.02083,"X",""),""))) -> #REF! | K20: =IF(AND(L$1-$B20>=0.0208333,$C20-K$1>0.0208333),"X",IF(AND(L$1-$D20>=0.0208333,$E20-K$1>0.0208333),"X",IF(MROUND($C20,"01:00")=K$1,IF(L$1-$D20+$C20-K$1>=0.02083,"X",""),""))) -> #REF! | L20: =IF(AND(M$1-$B20>=0.0208333,$C20-L$1>0.0208333),"X",IF(AND(M$1-$D20>=0.0208333,$E20-L$1>0.0208333),"X",IF(MROUND($C20,"01:00")=L$1,IF(M$1-$D20+$C20-L$1>=0.02083,"X",""),""))) -> #REF! | M20: =IF(AND(N$1-$B20>=0.0208333,$C20-M$1>0.0208333),"X",IF(AND(N$1-$D20>=0.0208333,$E20-M$1>0.0208333),"X",IF(MROUND($C20,"01:00")=M$1,IF(N$1-$D20+$C20-M$1>=0.02083,"X",""),""))) -> #REF! | N20: =IF(AND(O$1-$B20>=0.0208333,$C20-N$1>0.0208333),"X",IF(AND(O$1-$D20>=0.0208333,$E20-N$1>0.0208333),"X",IF(MROUND($C20,"01:00")=N$1,IF(O$1-$D20+$C20-N$1>=0.02083,"X",""),""))) -> #REF! | O20: =IF(AND(P$1-$B20>=0.0208333,$C20-O$1>0.0208333),"X",IF(AND(P$1-$D20>=0.0208333,$E20-O$1>0.0208333),"X",IF(MROUND($C20,"01:00")=O$1,IF(P$1-$D20+$C20-O$1>=0.02083,"X",""),""))) -> #REF! | P20: =IF(AND(Q$1-$B20>=0.0208333,$C20-P$1>0.0208333),"X",IF(AND(Q$1-$D20>=0.0208333,$E20-P$1>0.0208333),"X",IF(MROUND($C20,"01:00")=P$1,IF(Q$1-$D20+$C20-P$1>=0.02083,"X",""),""))) -> #REF! | ... AF20: =IF(AND(AG$1-$B20>=0.0208333,$C20-AF$1>0.0208333),"X",IF(AND(AG$1-$D20>=0.0208333,$E20-AF$1>0.0208333),"X",IF(MROUND($C20,"01:00")=AF$1,IF(AG$1-$D20+$C20-AF$1>=0.02083,"X",""),""))) -> #REF!
A21: =IF(B21>0,1+A20,"") -> #REF! | B21: =MIN(#REF!)-G3 -> #REF! | C21: =IF(MIN(#REF!)>0.08333,OFFSET(#REF!,MATCH(MIN(#REF!),#REF!,0),-4),MAX(#REF!)) -> #REF! | D21: =IF(MIN(#REF!)>0.08333,OFFSET(#REF!,MATCH(MIN(#REF!),#REF!,0),-2),MIN(#REF!)) -> #REF! | E21: =IF(MIN(#REF!)>0.08333,MAX(#REF!),MAX(#REF!))+G3 -> #REF! | F21: =E21-B21 -> #REF! | I21: =IF(AND(J$1-$B21>=0.0208333,$C21-I$1>0.0208333),"X",IF(AND(J$1-$D21>=0.0208333,$E21-I$1>0.0208333),"X",IF(MROUND($C21,"01:00")=I$1,IF(J$1-$D21+$C21-I$1>=0.02083,"X",""),""))) -> #REF! | J21: =IF(AND(K$1-$B21>=0.0208333,$C21-J$1>0.0208333),"X",IF(AND(K$1-$D21>=0.0208333,$E21-J$1>0.0208333),"X",IF(MROUND($C21,"01:00")=J$1,IF(K$1-$D21+$C21-J$1>=0.02083,"X",""),""))) -> #REF! | K21: =IF(AND(L$1-$B21>=0.0208333,$C21-K$1>0.0208333),"X",IF(AND(L$1-$D21>=0.0208333,$E21-K$1>0.0208333),"X",IF(MROUND($C21,"01:00")=K$1,IF(L$1-$D21+$C21-K$1>=0.02083,"X",""),""))) -> #REF! | L21: =IF(AND(M$1-$B21>=0.0208333,$C21-L$1>0.0208333),"X",IF(AND(M$1-$D21>=0.0208333,$E21-L$1>0.0208333),"X",IF(MROUND($C21,"01:00")=L$1,IF(M$1-$D21+$C21-L$1>=0.02083,"X",""),""))) -> #REF! | M21: =IF(AND(N$1-$B21>=0.0208333,$C21-M$1>0.0208333),"X",IF(AND(N$1-$D21>=0.0208333,$E21-M$1>0.0208333),"X",IF(MROUND($C21,"01:00")=M$1,IF(N$1-$D21+$C21-M$1>=0.02083,"X",""),""))) -> #REF! | N21: =IF(AND(O$1-$B21>=0.0208333,$C21-N$1>0.0208333),"X",IF(AND(O$1-$D21>=0.0208333,$E21-N$1>0.0208333),"X",IF(MROUND($C21,"01:00")=N$1,IF(O$1-$D21+$C21-N$1>=0.02083,"X",""),""))) -> #REF! | O21: =IF(AND(P$1-$B21>=0.0208333,$C21-O$1>0.0208333),"X",IF(AND(P$1-$D21>=0.0208333,$E21-O$1>0.0208333),"X",IF(MROUND($C21,"01:00")=O$1,IF(P$1-$D21+$C21-O$1>=0.02083,"X",""),""))) -> #REF! | P21: =IF(AND(Q$1-$B21>=0.0208333,$C21-P$1>0.0208333),"X",IF(AND(Q$1-$D21>=0.0208333,$E21-P$1>0.0208333),"X",IF(MROUND($C21,"01:00")=P$1,IF(Q$1-$D21+$C21-P$1>=0.02083,"X",""),""))) -> #REF! | ... AF21: =IF(AND(AG$1-$B21>=0.0208333,$C21-AF$1>0.0208333),"X",IF(AND(AG$1-$D21>=0.0208333,$E21-AF$1>0.0208333),"X",IF(MROUND($C21,"01:00")=AF$1,IF(AG$1-$D21+$C21-AF$1>=0.02083,"X",""),""))) -> #REF!
A22: =IF(B22>0,1+A21,"") -> #REF! | B22: =MIN(#REF!)-G3 -> #REF! | C22: =IF(MIN(#REF!)>0.08333,OFFSET(#REF!,MATCH(MIN(#REF!),#REF!,0),-4),MAX(#REF!)) -> #REF! | D22: =IF(MIN(#REF!)>0.08333,OFFSET(#REF!,MATCH(MIN(#REF!),#REF!,0),-2),MIN(#REF!)) -> #REF! | E22: =IF(MIN(#REF!)>0.08333,MAX(#REF!),MAX(#REF!))+G3 -> #REF! | F22: =E22-B22 -> #REF! | I22: =IF(AND(J$1-$B22>=0.0208333,$C22-I$1>0.0208333),"X",IF(AND(J$1-$D22>=0.0208333,$E22-I$1>0.0208333),"X",IF(MROUND($C22,"01:00")=I$1,IF(J$1-$D22+$C22-I$1>=0.02083,"X",""),""))) -> #REF! | J22: =IF(AND(K$1-$B22>=0.0208333,$C22-J$1>0.0208333),"X",IF(AND(K$1-$D22>=0.0208333,$E22-J$1>0.0208333),"X",IF(MROUND($C22,"01:00")=J$1,IF(K$1-$D22+$C22-J$1>=0.02083,"X",""),""))) -> #REF! | K22: =IF(AND(L$1-$B22>=0.0208333,$C22-K$1>0.0208333),"X",IF(AND(L$1-$D22>=0.0208333,$E22-K$1>0.0208333),"X",IF(MROUND($C22,"01:00")=K$1,IF(L$1-$D22+$C22-K$1>=0.02083,"X",""),""))) -> #REF! | L22: =IF(AND(M$1-$B22>=0.0208333,$C22-L$1>0.0208333),"X",IF(AND(M$1-$D22>=0.0208333,$E22-L$1>0.0208333),"X",IF(MROUND($C22,"01:00")=L$1,IF(M$1-$D22+$C22-L$1>=0.02083,"X",""),""))) -> #REF! | M22: =IF(AND(N$1-$B22>=0.0208333,$C22-M$1>0.0208333),"X",IF(AND(N$1-$D22>=0.0208333,$E22-M$1>0.0208333),"X",IF(MROUND($C22,"01:00")=M$1,IF(N$1-$D22+$C22-M$1>=0.02083,"X",""),""))) -> #REF! | N22: =IF(AND(O$1-$B22>=0.0208333,$C22-N$1>0.0208333),"X",IF(AND(O$1-$D22>=0.0208333,$E22-N$1>0.0208333),"X",IF(MROUND($C22,"01:00")=N$1,IF(O$1-$D22+$C22-N$1>=0.02083,"X",""),""))) -> #REF! | O22: =IF(AND(P$1-$B22>=0.0208333,$C22-O$1>0.0208333),"X",IF(AND(P$1-$D22>=0.0208333,$E22-O$1>0.0208333),"X",IF(MROUND($C22,"01:00")=O$1,IF(P$1-$D22+$C22-O$1>=0.02083,"X",""),""))) -> #REF! | P22: =IF(AND(Q$1-$B22>=0.0208333,$C22-P$1>0.0208333),"X",IF(AND(Q$1-$D22>=0.0208333,$E22-P$1>0.0208333),"X",IF(MROUND($C22,"01:00")=P$1,IF(Q$1-$D22+$C22-P$1>=0.02083,"X",""),""))) -> #REF! | ... AF22: =IF(AND(AG$1-$B22>=0.0208333,$C22-AF$1>0.0208333),"X",IF(AND(AG$1-$D22>=0.0208333,$E22-AF$1>0.0208333),"X",IF(MROUND($C22,"01:00")=AF$1,IF(AG$1-$D22+$C22-AF$1>=0.02083,"X",""),""))) -> #REF!
A23: =IF(B23>0,1+A22,"") -> #REF! | B23: =MIN(#REF!)-G3 -> #REF! | C23: =IF(MIN(#REF!)>0.08333,OFFSET(#REF!,MATCH(MIN(#REF!),#REF!,0),-4),MAX(#REF!)) -> #REF! | D23: =IF(MIN(#REF!)>0.08333,OFFSET(#REF!,MATCH(MIN(#REF!),#REF!,0),-2),MIN(#REF!)) -> #REF! | E23: =IF(MIN(#REF!)>0.08333,MAX(#REF!),MAX(#REF!))+G3 -> #REF! | F23: =E23-B23 -> #REF! | I23: =IF(AND(J$1-$B23>=0.0208333,$C23-I$1>0.0208333),"X",IF(AND(J$1-$D23>=0.0208333,$E23-I$1>0.0208333),"X",IF(MROUND($C23,"01:00")=I$1,IF(J$1-$D23+$C23-I$1>=0.02083,"X",""),""))) -> #REF! | J23: =IF(AND(K$1-$B23>=0.0208333,$C23-J$1>0.0208333),"X",IF(AND(K$1-$D23>=0.0208333,$E23-J$1>0.0208333),"X",IF(MROUND($C23,"01:00")=J$1,IF(K$1-$D23+$C23-J$1>=0.02083,"X",""),""))) -> #REF! | K23: =IF(AND(L$1-$B23>=0.0208333,$C23-K$1>0.0208333),"X",IF(AND(L$1-$D23>=0.0208333,$E23-K$1>0.0208333),"X",IF(MROUND($C23,"01:00")=K$1,IF(L$1-$D23+$C23-K$1>=0.02083,"X",""),""))) -> #REF! | L23: =IF(AND(M$1-$B23>=0.0208333,$C23-L$1>0.0208333),"X",IF(AND(M$1-$D23>=0.0208333,$E23-L$1>0.0208333),"X",IF(MROUND($C23,"01:00")=L$1,IF(M$1-$D23+$C23-L$1>=0.02083,"X",""),""))) -> #REF! | M23: =IF(AND(N$1-$B23>=0.0208333,$C23-M$1>0.0208333),"X",IF(AND(N$1-$D23>=0.0208333,$E23-M$1>0.0208333),"X",IF(MROUND($C23,"01:00")=M$1,IF(N$1-$D23+$C23-M$1>=0.02083,"X",""),""))) -> #REF! | N23: =IF(AND(O$1-$B23>=0.0208333,$C23-N$1>0.0208333),"X",IF(AND(O$1-$D23>=0.0208333,$E23-N$1>0.0208333),"X",IF(MROUND($C23,"01:00")=N$1,IF(O$1-$D23+$C23-N$1>=0.02083,"X",""),""))) -> #REF! | O23: =IF(AND(P$1-$B23>=0.0208333,$C23-O$1>0.0208333),"X",IF(AND(P$1-$D23>=0.0208333,$E23-O$1>0.0208333),"X",IF(MROUND($C23,"01:00")=O$1,IF(P$1-$D23+$C23-O$1>=0.02083,"X",""),""))) -> #REF! | P23: =IF(AND(Q$1-$B23>=0.0208333,$C23-P$1>0.0208333),"X",IF(AND(Q$1-$D23>=0.0208333,$E23-P$1>0.0208333),"X",IF(MROUND($C23,"01:00")=P$1,IF(Q$1-$D23+$C23-P$1>=0.02083,"X",""),""))) -> #REF! | ... AF23: =IF(AND(AG$1-$B23>=0.0208333,$C23-AF$1>0.0208333),"X",IF(AND(AG$1-$D23>=0.0208333,$E23-AF$1>0.0208333),"X",IF(MROUND($C23,"01:00")=AF$1,IF(AG$1-$D23+$C23-AF$1>=0.02083,"X",""),""))) -> #REF!
A24: =IF(B24>0,1+A23,"") -> #REF! | B24: =MIN(#REF!)-G3 -> #REF! | C24: =IF(MIN(#REF!)>0.08333,OFFSET(#REF!,MATCH(MIN(#REF!),#REF!,0),-4),MAX(#REF!)) -> #REF! | D24: =IF(MIN(#REF!)>0.08333,OFFSET(#REF!,MATCH(MIN(#REF!),#REF!,0),-2),MIN(#REF!)) -> #REF! | E24: =IF(MIN(#REF!)>0.08333,MAX(#REF!),MAX(#REF!))+G3 -> #REF! | F24: =E24-B24 -> #REF! | I24: =IF(AND(J$1-$B24>=0.0208333,$C24-I$1>0.0208333),"X",IF(AND(J$1-$D24>=0.0208333,$E24-I$1>0.0208333),"X",IF(MROUND($C24,"01:00")=I$1,IF(J$1-$D24+$C24-I$1>=0.02083,"X",""),""))) -> #REF! | J24: =IF(AND(K$1-$B24>=0.0208333,$C24-J$1>0.0208333),"X",IF(AND(K$1-$D24>=0.0208333,$E24-J$1>0.0208333),"X",IF(MROUND($C24,"01:00")=J$1,IF(K$1-$D24+$C24-J$1>=0.02083,"X",""),""))) -> #REF! | K24: =IF(AND(L$1-$B24>=0.0208333,$C24-K$1>0.0208333),"X",IF(AND(L$1-$D24>=0.0208333,$E24-K$1>0.0208333),"X",IF(MROUND($C24,"01:00")=K$1,IF(L$1-$D24+$C24-K$1>=0.02083,"X",""),""))) -> #REF! | L24: =IF(AND(M$1-$B24>=0.0208333,$C24-L$1>0.0208333),"X",IF(AND(M$1-$D24>=0.0208333,$E24-L$1>0.0208333),"X",IF(MROUND($C24,"01:00")=L$1,IF(M$1-$D24+$C24-L$1>=0.02083,"X",""),""))) -> #REF! | M24: =IF(AND(N$1-$B24>=0.0208333,$C24-M$1>0.0208333),"X",IF(AND(N$1-$D24>=0.0208333,$E24-M$1>0.0208333),"X",IF(MROUND($C24,"01:00")=M$1,IF(N$1-$D24+$C24-M$1>=0.02083,"X",""),""))) -> #REF! | N24: =IF(AND(O$1-$B24>=0.0208333,$C24-N$1>0.0208333),"X",IF(AND(O$1-$D24>=0.0208333,$E24-N$1>0.0208333),"X",IF(MROUND($C24,"01:00")=N$1,IF(O$1-$D24+$C24-N$1>=0.02083,"X",""),""))) -> #REF! | O24: =IF(AND(P$1-$B24>=0.0208333,$C24-O$1>0.0208333),"X",IF(AND(P$1-$D24>=0.0208333,$E24-O$1>0.0208333),"X",IF(MROUND($C24,"01:00")=O$1,IF(P$1-$D24+$C24-O$1>=0.02083,"X",""),""))) -> #REF! | P24: =IF(AND(Q$1-$B24>=0.0208333,$C24-P$1>0.0208333),"X",IF(AND(Q$1-$D24>=0.0208333,$E24-P$1>0.0208333),"X",IF(MROUND($C24,"01:00")=P$1,IF(Q$1-$D24+$C24-P$1>=0.02083,"X",""),""))) -> #REF! | ... AF24: =IF(AND(AG$1-$B24>=0.0208333,$C24-AF$1>0.0208333),"X",IF(AND(AG$1-$D24>=0.0208333,$E24-AF$1>0.0208333),"X",IF(MROUND($C24,"01:00")=AF$1,IF(AG$1-$D24+$C24-AF$1>=0.02083,"X",""),""))) -> #REF!
A27: =IF(B27>=0.000694444444444444,1,"") | B27: =MIN(SÁB!D6:F6)-G27 -> 0 | C27: =IF(MIN(SÁB!H6:H12)>0.08333,OFFSET(SÁB!H5,MATCH(MIN(SÁB!H6:H12),SÁB!H6:H12,0),-4),MAX(SÁB!E6:F13)) -> 0 | D27: =IF(MIN(SÁB!H6:H12)>0.08333,OFFSET(SÁB!H5,MATCH(MIN(SÁB!H6:H12),SÁB!H6:H12,0),-2),MIN(SÁB!D19:F19)) -> 0 | E27: =IF(MIN(SÁB!H6:H12)>0.08333,MAX(SÁB!E6:F13),MAX(SÁB!E19:F26))+G27 -> 0 | F27: =E27-B27 -> 0 | G27: 0 | I27: =IF(AND(J$1-$B27>=0.0208333,$C27-I$1>0.0208333),"X",IF(AND(J$1-$D27>=0.0208333,$E27-I$1>0.0208333),"X",IF(MROUND($C27,"01:00")=I$1,IF(J$1-$D27+$C27-I$1>=0.02083,"X",""),""))) | J27: =IF(AND(K$1-$B27>=0.0208333,$C27-J$1>0.0208333),"X",IF(AND(K$1-$D27>=0.0208333,$E27-J$1>0.0208333),"X",IF(MROUND($C27,"01:00")=J$1,IF(K$1-$D27+$C27-J$1>=0.02083,"X",""),""))) | K27: =IF(AND(L$1-$B27>=0.0208333,$C27-K$1>0.0208333),"X",IF(AND(L$1-$D27>=0.0208333,$E27-K$1>0.0208333),"X",IF(MROUND($C27,"01:00")=K$1,IF(L$1-$D27+$C27-K$1>=0.02083,"X",""),""))) | L27: =IF(AND(M$1-$B27>=0.0208333,$C27-L$1>0.0208333),"X",IF(AND(M$1-$D27>=0.0208333,$E27-L$1>0.0208333),"X",IF(MROUND($C27,"01:00")=L$1,IF(M$1-$D27+$C27-L$1>=0.02083,"X",""),""))) | M27: =IF(AND(N$1-$B27>=0.0208333,$C27-M$1>0.0208333),"X",IF(AND(N$1-$D27>=0.0208333,$E27-M$1>0.0208333),"X",IF(MROUND($C27,"01:00")=M$1,IF(N$1-$D27+$C27-M$1>=0.02083,"X",""),""))) | N27: =IF(AND(O$1-$B27>=0.0208333,$C27-N$1>0.0208333),"X",IF(AND(O$1-$D27>=0.0208333,$E27-N$1>0.0208333),"X",IF(MROUND($C27,"01:00")=N$1,IF(O$1-$D27+$C27-N$1>=0.02083,"X",""),""))) | O27: =IF(AND(P$1-$B27>=0.0208333,$C27-O$1>0.0208333),"X",IF(AND(P$1-$D27>=0.0208333,$E27-O$1>0.0208333),"X",IF(MROUND($C27,"01:00")=O$1,IF(P$1-$D27+$C27-O$1>=0.02083,"X",""),""))) | P27: =IF(AND(Q$1-$B27>=0.0208333,$C27-P$1>0.0208333),"X",IF(AND(Q$1-$D27>=0.0208333,$E27-P$1>0.0208333),"X",IF(MROUND($C27,"01:00")=P$1,IF(Q$1-$D27+$C27-P$1>=0.02083,"X",""),""))) | ... AF27: =IF(AND(AG$1-$B27>=0.0208333,$C27-AF$1>0.0208333),"X",IF(AND(AG$1-$D27>=0.0208333,$E27-AF$1>0.0208333),"X",IF(MROUND($C27,"01:00")=AF$1,IF(AG$1-$D27+$C27-AF$1>=0.02083,"X",""),"")))
A28: =IF(B28>0,1+A27,"") | B28: =MIN(SÁB!J6:L6)-G27 -> 0 | C28: =IF(MIN(SÁB!N6:N12)>0.08333,OFFSET(SÁB!N5,MATCH(MIN(SÁB!N6:N12),SÁB!N6:N12,0),-4),MAX(SÁB!K6:L13)) -> 0 | D28: =IF(MIN(SÁB!N6:N12)>0.08333,OFFSET(SÁB!N5,MATCH(MIN(SÁB!N6:N12),SÁB!N6:N12,0),-2),MIN(SÁB!J19:L19)) -> 0 | E28: =IF(MIN(SÁB!N6:N12)>0.08333,MAX(SÁB!K6:L13),MAX(SÁB!K19:L26))-G27 -> 0 | F28: =E28-B28 -> 0 | I28: =IF(AND(J$1-$B28>=0.0208333,$C28-I$1>0.0208333),"X",IF(AND(J$1-$D28>=0.0208333,$E28-I$1>0.0208333),"X",IF(MROUND($C28,"01:00")=I$1,IF(J$1-$D28+$C28-I$1>=0.02083,"X",""),""))) | J28: =IF(AND(K$1-$B28>=0.0208333,$C28-J$1>0.0208333),"X",IF(AND(K$1-$D28>=0.0208333,$E28-J$1>0.0208333),"X",IF(MROUND($C28,"01:00")=J$1,IF(K$1-$D28+$C28-J$1>=0.02083,"X",""),""))) | K28: =IF(AND(L$1-$B28>=0.0208333,$C28-K$1>0.0208333),"X",IF(AND(L$1-$D28>=0.0208333,$E28-K$1>0.0208333),"X",IF(MROUND($C28,"01:00")=K$1,IF(L$1-$D28+$C28-K$1>=0.02083,"X",""),""))) | L28: =IF(AND(M$1-$B28>=0.0208333,$C28-L$1>0.0208333),"X",IF(AND(M$1-$D28>=0.0208333,$E28-L$1>0.0208333),"X",IF(MROUND($C28,"01:00")=L$1,IF(M$1-$D28+$C28-L$1>=0.02083,"X",""),""))) | M28: =IF(AND(N$1-$B28>=0.0208333,$C28-M$1>0.0208333),"X",IF(AND(N$1-$D28>=0.0208333,$E28-M$1>0.0208333),"X",IF(MROUND($C28,"01:00")=M$1,IF(N$1-$D28+$C28-M$1>=0.02083,"X",""),""))) | N28: =IF(AND(O$1-$B28>=0.0208333,$C28-N$1>0.0208333),"X",IF(AND(O$1-$D28>=0.0208333,$E28-N$1>0.0208333),"X",IF(MROUND($C28,"01:00")=N$1,IF(O$1-$D28+$C28-N$1>=0.02083,"X",""),""))) | O28: =IF(AND(P$1-$B28>=0.0208333,$C28-O$1>0.0208333),"X",IF(AND(P$1-$D28>=0.0208333,$E28-O$1>0.0208333),"X",IF(MROUND($C28,"01:00")=O$1,IF(P$1-$D28+$C28-O$1>=0.02083,"X",""),""))) | P28: =IF(AND(Q$1-$B28>=0.0208333,$C28-P$1>0.0208333),"X",IF(AND(Q$1-$D28>=0.0208333,$E28-P$1>0.0208333),"X",IF(MROUND($C28,"01:00")=P$1,IF(Q$1-$D28+$C28-P$1>=0.02083,"X",""),""))) | ... AF28: =IF(AND(AG$1-$B28>=0.0208333,$C28-AF$1>0.0208333),"X",IF(AND(AG$1-$D28>=0.0208333,$E28-AF$1>0.0208333),"X",IF(MROUND($C28,"01:00")=AF$1,IF(AG$1-$D28+$C28-AF$1>=0.02083,"X",""),"")))
A29: =IF(B29>0,1+A28,"") | B29: =MIN(SÁB!P6:R6)-G27 -> 0 | C29: =IF(MIN(SÁB!T6:T12)>0.08333,OFFSET(SÁB!T5,MATCH(MIN(SÁB!T6:T12),SÁB!T6:T12,0),-4),MAX(SÁB!Q6:R13)) -> 0 | D29: =IF(MIN(SÁB!T6:T12)>0.08333,OFFSET(SÁB!T5,MATCH(MIN(SÁB!T6:T12),SÁB!T6:T12,0),-2),MIN(SÁB!P19:R19)) -> 0 | E29: =IF(MIN(SÁB!T6:T12)>0.08333,MAX(SÁB!Q6:R13),MAX(SÁB!Q19:R26))-G27 -> 0 | F29: =E29-B29 -> 0 | I29: =IF(AND(J$1-$B29>=0.0208333,$C29-I$1>0.0208333),"X",IF(AND(J$1-$D29>=0.0208333,$E29-I$1>0.0208333),"X",IF(MROUND($C29,"01:00")=I$1,IF(J$1-$D29+$C29-I$1>=0.02083,"X",""),""))) | J29: =IF(AND(K$1-$B29>=0.0208333,$C29-J$1>0.0208333),"X",IF(AND(K$1-$D29>=0.0208333,$E29-J$1>0.0208333),"X",IF(MROUND($C29,"01:00")=J$1,IF(K$1-$D29+$C29-J$1>=0.02083,"X",""),""))) | K29: =IF(AND(L$1-$B29>=0.0208333,$C29-K$1>0.0208333),"X",IF(AND(L$1-$D29>=0.0208333,$E29-K$1>0.0208333),"X",IF(MROUND($C29,"01:00")=K$1,IF(L$1-$D29+$C29-K$1>=0.02083,"X",""),""))) | L29: =IF(AND(M$1-$B29>=0.0208333,$C29-L$1>0.0208333),"X",IF(AND(M$1-$D29>=0.0208333,$E29-L$1>0.0208333),"X",IF(MROUND($C29,"01:00")=L$1,IF(M$1-$D29+$C29-L$1>=0.02083,"X",""),""))) | M29: =IF(AND(N$1-$B29>=0.0208333,$C29-M$1>0.0208333),"X",IF(AND(N$1-$D29>=0.0208333,$E29-M$1>0.0208333),"X",IF(MROUND($C29,"01:00")=M$1,IF(N$1-$D29+$C29-M$1>=0.02083,"X",""),""))) | N29: =IF(AND(O$1-$B29>=0.0208333,$C29-N$1>0.0208333),"X",IF(AND(O$1-$D29>=0.0208333,$E29-N$1>0.0208333),"X",IF(MROUND($C29,"01:00")=N$1,IF(O$1-$D29+$C29-N$1>=0.02083,"X",""),""))) | O29: =IF(AND(P$1-$B29>=0.0208333,$C29-O$1>0.0208333),"X",IF(AND(P$1-$D29>=0.0208333,$E29-O$1>0.0208333),"X",IF(MROUND($C29,"01:00")=O$1,IF(P$1-$D29+$C29-O$1>=0.02083,"X",""),""))) | P29: =IF(AND(Q$1-$B29>=0.0208333,$C29-P$1>0.0208333),"X",IF(AND(Q$1-$D29>=0.0208333,$E29-P$1>0.0208333),"X",IF(MROUND($C29,"01:00")=P$1,IF(Q$1-$D29+$C29-P$1>=0.02083,"X",""),""))) | ... AF29: =IF(AND(AG$1-$B29>=0.0208333,$C29-AF$1>0.0208333),"X",IF(AND(AG$1-$D29>=0.0208333,$E29-AF$1>0.0208333),"X",IF(MROUND($C29,"01:00")=AF$1,IF(AG$1-$D29+$C29-AF$1>=0.02083,"X",""),"")))
A30: =IF(B30>0,1+A29,"") | B30: =MIN(SÁB!V6:X6)-G27 -> 0 | C30: =IF(MIN(SÁB!Z6:Z12)>0.08333,OFFSET(SÁB!Z5,MATCH(MIN(SÁB!Z6:Z12),SÁB!Z6:Z12,0),-4),MAX(SÁB!W6:X13)) -> 0 | D30: =IF(MIN(SÁB!Z6:Z12)>0.08333,OFFSET(SÁB!Z5,MATCH(MIN(SÁB!Z6:Z12),SÁB!Z6:Z12,0),-2),MIN(SÁB!V19:X19)) -> 0 | E30: =IF(MIN(SÁB!Z6:Z12)>0.08333,MAX(SÁB!W6:X13),MAX(SÁB!W19:X26))-G27 -> 0 | F30: =E30-B30 -> 0 | I30: =IF(AND(J$1-$B30>=0.0208333,$C30-I$1>0.0208333),"X",IF(AND(J$1-$D30>=0.0208333,$E30-I$1>0.0208333),"X",IF(MROUND($C30,"01:00")=I$1,IF(J$1-$D30+$C30-I$1>=0.02083,"X",""),""))) | J30: =IF(AND(K$1-$B30>=0.0208333,$C30-J$1>0.0208333),"X",IF(AND(K$1-$D30>=0.0208333,$E30-J$1>0.0208333),"X",IF(MROUND($C30,"01:00")=J$1,IF(K$1-$D30+$C30-J$1>=0.02083,"X",""),""))) | K30: =IF(AND(L$1-$B30>=0.0208333,$C30-K$1>0.0208333),"X",IF(AND(L$1-$D30>=0.0208333,$E30-K$1>0.0208333),"X",IF(MROUND($C30,"01:00")=K$1,IF(L$1-$D30+$C30-K$1>=0.02083,"X",""),""))) | L30: =IF(AND(M$1-$B30>=0.0208333,$C30-L$1>0.0208333),"X",IF(AND(M$1-$D30>=0.0208333,$E30-L$1>0.0208333),"X",IF(MROUND($C30,"01:00")=L$1,IF(M$1-$D30+$C30-L$1>=0.02083,"X",""),""))) | M30: =IF(AND(N$1-$B30>=0.0208333,$C30-M$1>0.0208333),"X",IF(AND(N$1-$D30>=0.0208333,$E30-M$1>0.0208333),"X",IF(MROUND($C30,"01:00")=M$1,IF(N$1-$D30+$C30-M$1>=0.02083,"X",""),""))) | N30: =IF(AND(O$1-$B30>=0.0208333,$C30-N$1>0.0208333),"X",IF(AND(O$1-$D30>=0.0208333,$E30-N$1>0.0208333),"X",IF(MROUND($C30,"01:00")=N$1,IF(O$1-$D30+$C30-N$1>=0.02083,"X",""),""))) | O30: =IF(AND(P$1-$B30>=0.0208333,$C30-O$1>0.0208333),"X",IF(AND(P$1-$D30>=0.0208333,$E30-O$1>0.0208333),"X",IF(MROUND($C30,"01:00")=O$1,IF(P$1-$D30+$C30-O$1>=0.02083,"X",""),""))) | P30: =IF(AND(Q$1-$B30>=0.0208333,$C30-P$1>0.0208333),"X",IF(AND(Q$1-$D30>=0.0208333,$E30-P$1>0.0208333),"X",IF(MROUND($C30,"01:00")=P$1,IF(Q$1-$D30+$C30-P$1>=0.02083,"X",""),""))) | ... AF30: =IF(AND(AG$1-$B30>=0.0208333,$C30-AF$1>0.0208333),"X",IF(AND(AG$1-$D30>=0.0208333,$E30-AF$1>0.0208333),"X",IF(MROUND($C30,"01:00")=AF$1,IF(AG$1-$D30+$C30-AF$1>=0.02083,"X",""),"")))
A31: =IF(B31>0,1+A30,"") | B31: =MIN(SÁB!AB6:AD6)-G27 -> 0 | C31: =IF(MIN(SÁB!AF6:AF12)>0.08333,OFFSET(SÁB!AF5,MATCH(MIN(SÁB!AF6:AF12),SÁB!AF6:AF12,0),-4),MAX(SÁB!AC6:AD13)) -> 0 | D31: =IF(MIN(SÁB!AF6:AF12)>0.08333,OFFSET(SÁB!AF5,MATCH(MIN(SÁB!AF6:AF12),SÁB!AF6:AF12,0),-2),MIN(SÁB!AB19:AD19)) -> 0 | E31: =IF(MIN(SÁB!AF6:AF12)>0.08333,MAX(SÁB!AC6:AD13),MAX(SÁB!AC19:AD26))-G27 -> 0 | F31: =E31-B31 -> 0 | I31: =IF(AND(J$1-$B31>=0.0208333,$C31-I$1>0.0208333),"X",IF(AND(J$1-$D31>=0.0208333,$E31-I$1>0.0208333),"X",IF(MROUND($C31,"01:00")=I$1,IF(J$1-$D31+$C31-I$1>=0.02083,"X",""),""))) | J31: =IF(AND(K$1-$B31>=0.0208333,$C31-J$1>0.0208333),"X",IF(AND(K$1-$D31>=0.0208333,$E31-J$1>0.0208333),"X",IF(MROUND($C31,"01:00")=J$1,IF(K$1-$D31+$C31-J$1>=0.02083,"X",""),""))) | K31: =IF(AND(L$1-$B31>=0.0208333,$C31-K$1>0.0208333),"X",IF(AND(L$1-$D31>=0.0208333,$E31-K$1>0.0208333),"X",IF(MROUND($C31,"01:00")=K$1,IF(L$1-$D31+$C31-K$1>=0.02083,"X",""),""))) | L31: =IF(AND(M$1-$B31>=0.0208333,$C31-L$1>0.0208333),"X",IF(AND(M$1-$D31>=0.0208333,$E31-L$1>0.0208333),"X",IF(MROUND($C31,"01:00")=L$1,IF(M$1-$D31+$C31-L$1>=0.02083,"X",""),""))) | M31: =IF(AND(N$1-$B31>=0.0208333,$C31-M$1>0.0208333),"X",IF(AND(N$1-$D31>=0.0208333,$E31-M$1>0.0208333),"X",IF(MROUND($C31,"01:00")=M$1,IF(N$1-$D31+$C31-M$1>=0.02083,"X",""),""))) | N31: =IF(AND(O$1-$B31>=0.0208333,$C31-N$1>0.0208333),"X",IF(AND(O$1-$D31>=0.0208333,$E31-N$1>0.0208333),"X",IF(MROUND($C31,"01:00")=N$1,IF(O$1-$D31+$C31-N$1>=0.02083,"X",""),""))) | O31: =IF(AND(P$1-$B31>=0.0208333,$C31-O$1>0.0208333),"X",IF(AND(P$1-$D31>=0.0208333,$E31-O$1>0.0208333),"X",IF(MROUND($C31,"01:00")=O$1,IF(P$1-$D31+$C31-O$1>=0.02083,"X",""),""))) | P31: =IF(AND(Q$1-$B31>=0.0208333,$C31-P$1>0.0208333),"X",IF(AND(Q$1-$D31>=0.0208333,$E31-P$1>0.0208333),"X",IF(MROUND($C31,"01:00")=P$1,IF(Q$1-$D31+$C31-P$1>=0.02083,"X",""),""))) | ... AF31: =IF(AND(AG$1-$B31>=0.0208333,$C31-AF$1>0.0208333),"X",IF(AND(AG$1-$D31>=0.0208333,$E31-AF$1>0.0208333),"X",IF(MROUND($C31,"01:00")=AF$1,IF(AG$1-$D31+$C31-AF$1>=0.02083,"X",""),"")))
A32: =IF(B32>0,1+A31,"") | B32: =MIN(SÁB!AH6:AJ6)-G27 -> 0 | C32: =IF(MIN(SÁB!AL6:AL12)>0.08333,OFFSET(SÁB!AL5,MATCH(MIN(SÁB!AL6:AL12),SÁB!AL6:AL12,0),-4),MAX(SÁB!AI6:AJ13)) -> 0 | D32: =IF(MIN(SÁB!AL6:AL12)>0.08333,OFFSET(SÁB!AL5,MATCH(MIN(SÁB!AL6:AL12),SÁB!AL6:AL12,0),-2),MIN(SÁB!AH19:AJ19)) -> 0 | E32: =IF(MIN(SÁB!AL6:AL12)>0.08333,MAX(SÁB!AI6:AJ13),MAX(SÁB!AI19:AJ26))-G27 -> 0 | F32: =E32-B32 -> 0 | I32: =IF(AND(J$1-$B32>=0.0208333,$C32-I$1>0.0208333),"X",IF(AND(J$1-$D32>=0.0208333,$E32-I$1>0.0208333),"X",IF(MROUND($C32,"01:00")=I$1,IF(J$1-$D32+$C32-I$1>=0.02083,"X",""),""))) | J32: =IF(AND(K$1-$B32>=0.0208333,$C32-J$1>0.0208333),"X",IF(AND(K$1-$D32>=0.0208333,$E32-J$1>0.0208333),"X",IF(MROUND($C32,"01:00")=J$1,IF(K$1-$D32+$C32-J$1>=0.02083,"X",""),""))) | K32: =IF(AND(L$1-$B32>=0.0208333,$C32-K$1>0.0208333),"X",IF(AND(L$1-$D32>=0.0208333,$E32-K$1>0.0208333),"X",IF(MROUND($C32,"01:00")=K$1,IF(L$1-$D32+$C32-K$1>=0.02083,"X",""),""))) | L32: =IF(AND(M$1-$B32>=0.0208333,$C32-L$1>0.0208333),"X",IF(AND(M$1-$D32>=0.0208333,$E32-L$1>0.0208333),"X",IF(MROUND($C32,"01:00")=L$1,IF(M$1-$D32+$C32-L$1>=0.02083,"X",""),""))) | M32: =IF(AND(N$1-$B32>=0.0208333,$C32-M$1>0.0208333),"X",IF(AND(N$1-$D32>=0.0208333,$E32-M$1>0.0208333),"X",IF(MROUND($C32,"01:00")=M$1,IF(N$1-$D32+$C32-M$1>=0.02083,"X",""),""))) | N32: =IF(AND(O$1-$B32>=0.0208333,$C32-N$1>0.0208333),"X",IF(AND(O$1-$D32>=0.0208333,$E32-N$1>0.0208333),"X",IF(MROUND($C32,"01:00")=N$1,IF(O$1-$D32+$C32-N$1>=0.02083,"X",""),""))) | O32: =IF(AND(P$1-$B32>=0.0208333,$C32-O$1>0.0208333),"X",IF(AND(P$1-$D32>=0.0208333,$E32-O$1>0.0208333),"X",IF(MROUND($C32,"01:00")=O$1,IF(P$1-$D32+$C32-O$1>=0.02083,"X",""),""))) | P32: =IF(AND(Q$1-$B32>=0.0208333,$C32-P$1>0.0208333),"X",IF(AND(Q$1-$D32>=0.0208333,$E32-P$1>0.0208333),"X",IF(MROUND($C32,"01:00")=P$1,IF(Q$1-$D32+$C32-P$1>=0.02083,"X",""),""))) | ... AF32: =IF(AND(AG$1-$B32>=0.0208333,$C32-AF$1>0.0208333),"X",IF(AND(AG$1-$D32>=0.0208333,$E32-AF$1>0.0208333),"X",IF(MROUND($C32,"01:00")=AF$1,IF(AG$1-$D32+$C32-AF$1>=0.02083,"X",""),"")))
A33: =IF(B33>0,1+A32,"") | B33: =MIN(SÁB!AN6:AP6)-G27 -> 0 | C33: =IF(MIN(SÁB!AR6:AR12)>0.08333,OFFSET(SÁB!AR5,MATCH(MIN(SÁB!AR6:AR12),SÁB!AR6:AR12,0),-4),MAX(SÁB!AO6:AP13)) -> 0 | D33: =IF(MIN(SÁB!AR6:AR12)>0.08333,OFFSET(SÁB!AR5,MATCH(MIN(SÁB!AR6:AR12),SÁB!AR6:AR12,0),-2),MIN(SÁB!AN19:AP19)) -> 0 | E33: =IF(MIN(SÁB!AR6:AR12)>0.08333,MAX(SÁB!AO6:AP13),MAX(SÁB!AO19:AP26))-G27 -> 0 | F33: =E33-B33 -> 0 | I33: =IF(AND(J$1-$B33>=0.0208333,$C33-I$1>0.0208333),"X",IF(AND(J$1-$D33>=0.0208333,$E33-I$1>0.0208333),"X",IF(MROUND($C33,"01:00")=I$1,IF(J$1-$D33+$C33-I$1>=0.02083,"X",""),""))) | J33: =IF(AND(K$1-$B33>=0.0208333,$C33-J$1>0.0208333),"X",IF(AND(K$1-$D33>=0.0208333,$E33-J$1>0.0208333),"X",IF(MROUND($C33,"01:00")=J$1,IF(K$1-$D33+$C33-J$1>=0.02083,"X",""),""))) | K33: =IF(AND(L$1-$B33>=0.0208333,$C33-K$1>0.0208333),"X",IF(AND(L$1-$D33>=0.0208333,$E33-K$1>0.0208333),"X",IF(MROUND($C33,"01:00")=K$1,IF(L$1-$D33+$C33-K$1>=0.02083,"X",""),""))) | L33: =IF(AND(M$1-$B33>=0.0208333,$C33-L$1>0.0208333),"X",IF(AND(M$1-$D33>=0.0208333,$E33-L$1>0.0208333),"X",IF(MROUND($C33,"01:00")=L$1,IF(M$1-$D33+$C33-L$1>=0.02083,"X",""),""))) | M33: =IF(AND(N$1-$B33>=0.0208333,$C33-M$1>0.0208333),"X",IF(AND(N$1-$D33>=0.0208333,$E33-M$1>0.0208333),"X",IF(MROUND($C33,"01:00")=M$1,IF(N$1-$D33+$C33-M$1>=0.02083,"X",""),""))) | N33: =IF(AND(O$1-$B33>=0.0208333,$C33-N$1>0.0208333),"X",IF(AND(O$1-$D33>=0.0208333,$E33-N$1>0.0208333),"X",IF(MROUND($C33,"01:00")=N$1,IF(O$1-$D33+$C33-N$1>=0.02083,"X",""),""))) | O33: =IF(AND(P$1-$B33>=0.0208333,$C33-O$1>0.0208333),"X",IF(AND(P$1-$D33>=0.0208333,$E33-O$1>0.0208333),"X",IF(MROUND($C33,"01:00")=O$1,IF(P$1-$D33+$C33-O$1>=0.02083,"X",""),""))) | P33: =IF(AND(Q$1-$B33>=0.0208333,$C33-P$1>0.0208333),"X",IF(AND(Q$1-$D33>=0.0208333,$E33-P$1>0.0208333),"X",IF(MROUND($C33,"01:00")=P$1,IF(Q$1-$D33+$C33-P$1>=0.02083,"X",""),""))) | ... AF33: =IF(AND(AG$1-$B33>=0.0208333,$C33-AF$1>0.0208333),"X",IF(AND(AG$1-$D33>=0.0208333,$E33-AF$1>0.0208333),"X",IF(MROUND($C33,"01:00")=AF$1,IF(AG$1-$D33+$C33-AF$1>=0.02083,"X",""),"")))
A34: =IF(B34>0,1+A33,"") | B34: =MIN(SÁB!AT6:AV6)-G27 -> 0 | C34: =IF(MIN(SÁB!AX6:AX12)>0.08333,OFFSET(SÁB!AX5,MATCH(MIN(SÁB!AX6:AX12),SÁB!AX6:AX12,0),-4),MAX(SÁB!AU6:AV13)) -> 0 | D34: =IF(MIN(SÁB!AX6:AX12)>0.08333,OFFSET(SÁB!AX5,MATCH(MIN(SÁB!AX6:AX12),SÁB!AX6:AX12,0),-2),MIN(SÁB!AT19:AV19)) -> 0 | E34: =IF(MIN(SÁB!AX6:AX12)>0.08333,MAX(SÁB!AU6:AV13),MAX(SÁB!AU19:AV26))-G27 -> 0 | F34: =E34-B34 -> 0 | I34: =IF(AND(J$1-$B34>=0.0208333,$C34-I$1>0.0208333),"X",IF(AND(J$1-$D34>=0.0208333,$E34-I$1>0.0208333),"X",IF(MROUND($C34,"01:00")=I$1,IF(J$1-$D34+$C34-I$1>=0.02083,"X",""),""))) | J34: =IF(AND(K$1-$B34>=0.0208333,$C34-J$1>0.0208333),"X",IF(AND(K$1-$D34>=0.0208333,$E34-J$1>0.0208333),"X",IF(MROUND($C34,"01:00")=J$1,IF(K$1-$D34+$C34-J$1>=0.02083,"X",""),""))) | K34: =IF(AND(L$1-$B34>=0.0208333,$C34-K$1>0.0208333),"X",IF(AND(L$1-$D34>=0.0208333,$E34-K$1>0.0208333),"X",IF(MROUND($C34,"01:00")=K$1,IF(L$1-$D34+$C34-K$1>=0.02083,"X",""),""))) | L34: =IF(AND(M$1-$B34>=0.0208333,$C34-L$1>0.0208333),"X",IF(AND(M$1-$D34>=0.0208333,$E34-L$1>0.0208333),"X",IF(MROUND($C34,"01:00")=L$1,IF(M$1-$D34+$C34-L$1>=0.02083,"X",""),""))) | M34: =IF(AND(N$1-$B34>=0.0208333,$C34-M$1>0.0208333),"X",IF(AND(N$1-$D34>=0.0208333,$E34-M$1>0.0208333),"X",IF(MROUND($C34,"01:00")=M$1,IF(N$1-$D34+$C34-M$1>=0.02083,"X",""),""))) | N34: =IF(AND(O$1-$B34>=0.0208333,$C34-N$1>0.0208333),"X",IF(AND(O$1-$D34>=0.0208333,$E34-N$1>0.0208333),"X",IF(MROUND($C34,"01:00")=N$1,IF(O$1-$D34+$C34-N$1>=0.02083,"X",""),""))) | O34: =IF(AND(P$1-$B34>=0.0208333,$C34-O$1>0.0208333),"X",IF(AND(P$1-$D34>=0.0208333,$E34-O$1>0.0208333),"X",IF(MROUND($C34,"01:00")=O$1,IF(P$1-$D34+$C34-O$1>=0.02083,"X",""),""))) | P34: =IF(AND(Q$1-$B34>=0.0208333,$C34-P$1>0.0208333),"X",IF(AND(Q$1-$D34>=0.0208333,$E34-P$1>0.0208333),"X",IF(MROUND($C34,"01:00")=P$1,IF(Q$1-$D34+$C34-P$1>=0.02083,"X",""),""))) | ... AF34: =IF(AND(AG$1-$B34>=0.0208333,$C34-AF$1>0.0208333),"X",IF(AND(AG$1-$D34>=0.0208333,$E34-AF$1>0.0208333),"X",IF(MROUND($C34,"01:00")=AF$1,IF(AG$1-$D34+$C34-AF$1>=0.02083,"X",""),"")))
A35: =IF(B35>0,1+A34,"") | B35: =MIN(SÁB!AZ6:BB6)-G27 -> 0 | C35: =IF(MIN(SÁB!BD6:BD12)>0.08333,OFFSET(SÁB!BD5,MATCH(MIN(SÁB!BD6:BD12),SÁB!BD6:BD12,0),-4),MAX(SÁB!BA6:BB13)) -> 0 | D35: =IF(MIN(SÁB!BD6:BD12)>0.08333,OFFSET(SÁB!BD5,MATCH(MIN(SÁB!BD6:BD12),SÁB!BD6:BD12,0),-2),MIN(SÁB!AZ19:BB19)) -> 0 | E35: =IF(MIN(SÁB!BD6:BD12)>0.08333,MAX(SÁB!BA6:BB13),MAX(SÁB!BA19:BB26))-G27 -> 0 | F35: =E35-B35 -> 0 | I35: =IF(AND(J$1-$B35>=0.0208333,$C35-I$1>0.0208333),"X",IF(AND(J$1-$D35>=0.0208333,$E35-I$1>0.0208333),"X",IF(MROUND($C35,"01:00")=I$1,IF(J$1-$D35+$C35-I$1>=0.02083,"X",""),""))) | J35: =IF(AND(K$1-$B35>=0.0208333,$C35-J$1>0.0208333),"X",IF(AND(K$1-$D35>=0.0208333,$E35-J$1>0.0208333),"X",IF(MROUND($C35,"01:00")=J$1,IF(K$1-$D35+$C35-J$1>=0.02083,"X",""),""))) | K35: =IF(AND(L$1-$B35>=0.0208333,$C35-K$1>0.0208333),"X",IF(AND(L$1-$D35>=0.0208333,$E35-K$1>0.0208333),"X",IF(MROUND($C35,"01:00")=K$1,IF(L$1-$D35+$C35-K$1>=0.02083,"X",""),""))) | L35: =IF(AND(M$1-$B35>=0.0208333,$C35-L$1>0.0208333),"X",IF(AND(M$1-$D35>=0.0208333,$E35-L$1>0.0208333),"X",IF(MROUND($C35,"01:00")=L$1,IF(M$1-$D35+$C35-L$1>=0.02083,"X",""),""))) | M35: =IF(AND(N$1-$B35>=0.0208333,$C35-M$1>0.0208333),"X",IF(AND(N$1-$D35>=0.0208333,$E35-M$1>0.0208333),"X",IF(MROUND($C35,"01:00")=M$1,IF(N$1-$D35+$C35-M$1>=0.02083,"X",""),""))) | N35: =IF(AND(O$1-$B35>=0.0208333,$C35-N$1>0.0208333),"X",IF(AND(O$1-$D35>=0.0208333,$E35-N$1>0.0208333),"X",IF(MROUND($C35,"01:00")=N$1,IF(O$1-$D35+$C35-N$1>=0.02083,"X",""),""))) | O35: =IF(AND(P$1-$B35>=0.0208333,$C35-O$1>0.0208333),"X",IF(AND(P$1-$D35>=0.0208333,$E35-O$1>0.0208333),"X",IF(MROUND($C35,"01:00")=O$1,IF(P$1-$D35+$C35-O$1>=0.02083,"X",""),""))) | P35: =IF(AND(Q$1-$B35>=0.0208333,$C35-P$1>0.0208333),"X",IF(AND(Q$1-$D35>=0.0208333,$E35-P$1>0.0208333),"X",IF(MROUND($C35,"01:00")=P$1,IF(Q$1-$D35+$C35-P$1>=0.02083,"X",""),""))) | ... AF35: =IF(AND(AG$1-$B35>=0.0208333,$C35-AF$1>0.0208333),"X",IF(AND(AG$1-$D35>=0.0208333,$E35-AF$1>0.0208333),"X",IF(MROUND($C35,"01:00")=AF$1,IF(AG$1-$D35+$C35-AF$1>=0.02083,"X",""),"")))
A36: =IF(B36>0,1+A35,"") | B36: =MIN(SÁB!BF6:BH6)-G27 -> 0 | C36: =IF(MIN(SÁB!BJ6:BJ12)>0.08333,OFFSET(SÁB!BJ5,MATCH(MIN(SÁB!BJ6:BJ12),SÁB!BJ6:BJ12,0),-4),MAX(SÁB!BG6:BH13)) -> 0 | D36: =IF(MIN(SÁB!BJ6:BJ12)>0.08333,OFFSET(SÁB!BJ5,MATCH(MIN(SÁB!BJ6:BJ12),SÁB!BJ6:BJ12,0),-2),MIN(SÁB!BF19:BH19)) -> 0 | E36: =IF(MIN(SÁB!BJ6:BJ12)>0.08333,MAX(SÁB!BG6:BH13),MAX(SÁB!BG19:BH26))-G27 -> 0 | F36: =E36-B36 -> 0 | I36: =IF(AND(J$1-$B36>=0.0208333,$C36-I$1>0.0208333),"X",IF(AND(J$1-$D36>=0.0208333,$E36-I$1>0.0208333),"X",IF(MROUND($C36,"01:00")=I$1,IF(J$1-$D36+$C36-I$1>=0.02083,"X",""),""))) | J36: =IF(AND(K$1-$B36>=0.0208333,$C36-J$1>0.0208333),"X",IF(AND(K$1-$D36>=0.0208333,$E36-J$1>0.0208333),"X",IF(MROUND($C36,"01:00")=J$1,IF(K$1-$D36+$C36-J$1>=0.02083,"X",""),""))) | K36: =IF(AND(L$1-$B36>=0.0208333,$C36-K$1>0.0208333),"X",IF(AND(L$1-$D36>=0.0208333,$E36-K$1>0.0208333),"X",IF(MROUND($C36,"01:00")=K$1,IF(L$1-$D36+$C36-K$1>=0.02083,"X",""),""))) | L36: =IF(AND(M$1-$B36>=0.0208333,$C36-L$1>0.0208333),"X",IF(AND(M$1-$D36>=0.0208333,$E36-L$1>0.0208333),"X",IF(MROUND($C36,"01:00")=L$1,IF(M$1-$D36+$C36-L$1>=0.02083,"X",""),""))) | M36: =IF(AND(N$1-$B36>=0.0208333,$C36-M$1>0.0208333),"X",IF(AND(N$1-$D36>=0.0208333,$E36-M$1>0.0208333),"X",IF(MROUND($C36,"01:00")=M$1,IF(N$1-$D36+$C36-M$1>=0.02083,"X",""),""))) | N36: =IF(AND(O$1-$B36>=0.0208333,$C36-N$1>0.0208333),"X",IF(AND(O$1-$D36>=0.0208333,$E36-N$1>0.0208333),"X",IF(MROUND($C36,"01:00")=N$1,IF(O$1-$D36+$C36-N$1>=0.02083,"X",""),""))) | O36: =IF(AND(P$1-$B36>=0.0208333,$C36-O$1>0.0208333),"X",IF(AND(P$1-$D36>=0.0208333,$E36-O$1>0.0208333),"X",IF(MROUND($C36,"01:00")=O$1,IF(P$1-$D36+$C36-O$1>=0.02083,"X",""),""))) | P36: =IF(AND(Q$1-$B36>=0.0208333,$C36-P$1>0.0208333),"X",IF(AND(Q$1-$D36>=0.0208333,$E36-P$1>0.0208333),"X",IF(MROUND($C36,"01:00")=P$1,IF(Q$1-$D36+$C36-P$1>=0.02083,"X",""),""))) | ... AF36: =IF(AND(AG$1-$B36>=0.0208333,$C36-AF$1>0.0208333),"X",IF(AND(AG$1-$D36>=0.0208333,$E36-AF$1>0.0208333),"X",IF(MROUND($C36,"01:00")=AF$1,IF(AG$1-$D36+$C36-AF$1>=0.02083,"X",""),"")))
A37: =IF(B37>0,1+A36,"") | B37: =MIN(SÁB!BL6:BN6)-G27 -> 0 | C37: =IF(MIN(SÁB!BP6:BP12)>0.08333,OFFSET(SÁB!BP5,MATCH(MIN(SÁB!BP6:BP12),SÁB!BP6:BP12,0),-4),MAX(SÁB!BM6:BN13)) -> 0 | D37: =IF(MIN(SÁB!BP6:BP12)>0.08333,OFFSET(SÁB!BP5,MATCH(MIN(SÁB!BP6:BP12),SÁB!BP6:BP12,0),-2),MIN(SÁB!BL19:BN19)) -> 0 | E37: =IF(MIN(SÁB!BP6:BP12)>0.08333,MAX(SÁB!BM6:BN13),MAX(SÁB!BM19:BN26))-G27 -> 0 | F37: =E37-B37 -> 0 | I37: =IF(AND(J$1-$B37>=0.0208333,$C37-I$1>0.0208333),"X",IF(AND(J$1-$D37>=0.0208333,$E37-I$1>0.0208333),"X",IF(MROUND($C37,"01:00")=I$1,IF(J$1-$D37+$C37-I$1>=0.02083,"X",""),""))) | J37: =IF(AND(K$1-$B37>=0.0208333,$C37-J$1>0.0208333),"X",IF(AND(K$1-$D37>=0.0208333,$E37-J$1>0.0208333),"X",IF(MROUND($C37,"01:00")=J$1,IF(K$1-$D37+$C37-J$1>=0.02083,"X",""),""))) | K37: =IF(AND(L$1-$B37>=0.0208333,$C37-K$1>0.0208333),"X",IF(AND(L$1-$D37>=0.0208333,$E37-K$1>0.0208333),"X",IF(MROUND($C37,"01:00")=K$1,IF(L$1-$D37+$C37-K$1>=0.02083,"X",""),""))) | L37: =IF(AND(M$1-$B37>=0.0208333,$C37-L$1>0.0208333),"X",IF(AND(M$1-$D37>=0.0208333,$E37-L$1>0.0208333),"X",IF(MROUND($C37,"01:00")=L$1,IF(M$1-$D37+$C37-L$1>=0.02083,"X",""),""))) | M37: =IF(AND(N$1-$B37>=0.0208333,$C37-M$1>0.0208333),"X",IF(AND(N$1-$D37>=0.0208333,$E37-M$1>0.0208333),"X",IF(MROUND($C37,"01:00")=M$1,IF(N$1-$D37+$C37-M$1>=0.02083,"X",""),""))) | N37: =IF(AND(O$1-$B37>=0.0208333,$C37-N$1>0.0208333),"X",IF(AND(O$1-$D37>=0.0208333,$E37-N$1>0.0208333),"X",IF(MROUND($C37,"01:00")=N$1,IF(O$1-$D37+$C37-N$1>=0.02083,"X",""),""))) | O37: =IF(AND(P$1-$B37>=0.0208333,$C37-O$1>0.0208333),"X",IF(AND(P$1-$D37>=0.0208333,$E37-O$1>0.0208333),"X",IF(MROUND($C37,"01:00")=O$1,IF(P$1-$D37+$C37-O$1>=0.02083,"X",""),""))) | P37: =IF(AND(Q$1-$B37>=0.0208333,$C37-P$1>0.0208333),"X",IF(AND(Q$1-$D37>=0.0208333,$E37-P$1>0.0208333),"X",IF(MROUND($C37,"01:00")=P$1,IF(Q$1-$D37+$C37-P$1>=0.02083,"X",""),""))) | ... AF37: =IF(AND(AG$1-$B37>=0.0208333,$C37-AF$1>0.0208333),"X",IF(AND(AG$1-$D37>=0.0208333,$E37-AF$1>0.0208333),"X",IF(MROUND($C37,"01:00")=AF$1,IF(AG$1-$D37+$C37-AF$1>=0.02083,"X",""),"")))
A38: =IF(B38>0,1+A37,"") | B38: =MIN(SÁB!BR6:BT6)-G27 -> 0 | C38: =IF(MIN(SÁB!BV6:BV12)>0.08333,OFFSET(SÁB!BV5,MATCH(MIN(SÁB!BV6:BV12),SÁB!BV6:BV12,0),-4),MAX(SÁB!BS6:BT13)) -> 0 | D38: =IF(MIN(SÁB!BV6:BV12)>0.08333,OFFSET(SÁB!BV5,MATCH(MIN(SÁB!BV6:BV12),SÁB!BV6:BV12,0),-2),MIN(SÁB!BR19:BT19)) -> 0 | E38: =IF(MIN(SÁB!BV6:BV12)>0.08333,MAX(SÁB!BS6:BT13),MAX(SÁB!BS19:BT26))-G27 -> 0 | F38: =E38-B38 -> 0 | I38: =IF(AND(J$1-$B38>=0.0208333,$C38-I$1>0.0208333),"X",IF(AND(J$1-$D38>=0.0208333,$E38-I$1>0.0208333),"X",IF(MROUND($C38,"01:00")=I$1,IF(J$1-$D38+$C38-I$1>=0.02083,"X",""),""))) | J38: =IF(AND(K$1-$B38>=0.0208333,$C38-J$1>0.0208333),"X",IF(AND(K$1-$D38>=0.0208333,$E38-J$1>0.0208333),"X",IF(MROUND($C38,"01:00")=J$1,IF(K$1-$D38+$C38-J$1>=0.02083,"X",""),""))) | K38: =IF(AND(L$1-$B38>=0.0208333,$C38-K$1>0.0208333),"X",IF(AND(L$1-$D38>=0.0208333,$E38-K$1>0.0208333),"X",IF(MROUND($C38,"01:00")=K$1,IF(L$1-$D38+$C38-K$1>=0.02083,"X",""),""))) | L38: =IF(AND(M$1-$B38>=0.0208333,$C38-L$1>0.0208333),"X",IF(AND(M$1-$D38>=0.0208333,$E38-L$1>0.0208333),"X",IF(MROUND($C38,"01:00")=L$1,IF(M$1-$D38+$C38-L$1>=0.02083,"X",""),""))) | M38: =IF(AND(N$1-$B38>=0.0208333,$C38-M$1>0.0208333),"X",IF(AND(N$1-$D38>=0.0208333,$E38-M$1>0.0208333),"X",IF(MROUND($C38,"01:00")=M$1,IF(N$1-$D38+$C38-M$1>=0.02083,"X",""),""))) | N38: =IF(AND(O$1-$B38>=0.0208333,$C38-N$1>0.0208333),"X",IF(AND(O$1-$D38>=0.0208333,$E38-N$1>0.0208333),"X",IF(MROUND($C38,"01:00")=N$1,IF(O$1-$D38+$C38-N$1>=0.02083,"X",""),""))) | O38: =IF(AND(P$1-$B38>=0.0208333,$C38-O$1>0.0208333),"X",IF(AND(P$1-$D38>=0.0208333,$E38-O$1>0.0208333),"X",IF(MROUND($C38,"01:00")=O$1,IF(P$1-$D38+$C38-O$1>=0.02083,"X",""),""))) | P38: =IF(AND(Q$1-$B38>=0.0208333,$C38-P$1>0.0208333),"X",IF(AND(Q$1-$D38>=0.0208333,$E38-P$1>0.0208333),"X",IF(MROUND($C38,"01:00")=P$1,IF(Q$1-$D38+$C38-P$1>=0.02083,"X",""),""))) | ... AF38: =IF(AND(AG$1-$B38>=0.0208333,$C38-AF$1>0.0208333),"X",IF(AND(AG$1-$D38>=0.0208333,$E38-AF$1>0.0208333),"X",IF(MROUND($C38,"01:00")=AF$1,IF(AG$1-$D38+$C38-AF$1>=0.02083,"X",""),"")))
A39: =IF(B39>0,1+A38,"") | B39: =MIN(SÁB!BX6:BZ6)-G27 -> 0 | C39: =IF(MIN(SÁB!CB6:CB12)>0.08333,OFFSET(SÁB!CB5,MATCH(MIN(SÁB!CB6:CB12),SÁB!CB6:CB12,0),-4),MAX(SÁB!BY6:BZ13)) -> 0 | D39: =IF(MIN(SÁB!CB6:CB12)>0.08333,OFFSET(SÁB!CB5,MATCH(MIN(SÁB!CB6:CB12),SÁB!CB6:CB12,0),-2),MIN(SÁB!BX19:BZ19)) -> 0 | E39: =IF(MIN(SÁB!CB6:CB12)>0.08333,MAX(SÁB!BY6:BZ13),MAX(SÁB!BY19:BZ26))-G27 -> 0 | F39: =E39-B39 -> 0 | I39: =IF(AND(J$1-$B39>=0.0208333,$C39-I$1>0.0208333),"X",IF(AND(J$1-$D39>=0.0208333,$E39-I$1>0.0208333),"X",IF(MROUND($C39,"01:00")=I$1,IF(J$1-$D39+$C39-I$1>=0.02083,"X",""),""))) | J39: =IF(AND(K$1-$B39>=0.0208333,$C39-J$1>0.0208333),"X",IF(AND(K$1-$D39>=0.0208333,$E39-J$1>0.0208333),"X",IF(MROUND($C39,"01:00")=J$1,IF(K$1-$D39+$C39-J$1>=0.02083,"X",""),""))) | K39: =IF(AND(L$1-$B39>=0.0208333,$C39-K$1>0.0208333),"X",IF(AND(L$1-$D39>=0.0208333,$E39-K$1>0.0208333),"X",IF(MROUND($C39,"01:00")=K$1,IF(L$1-$D39+$C39-K$1>=0.02083,"X",""),""))) | L39: =IF(AND(M$1-$B39>=0.0208333,$C39-L$1>0.0208333),"X",IF(AND(M$1-$D39>=0.0208333,$E39-L$1>0.0208333),"X",IF(MROUND($C39,"01:00")=L$1,IF(M$1-$D39+$C39-L$1>=0.02083,"X",""),""))) | M39: =IF(AND(N$1-$B39>=0.0208333,$C39-M$1>0.0208333),"X",IF(AND(N$1-$D39>=0.0208333,$E39-M$1>0.0208333),"X",IF(MROUND($C39,"01:00")=M$1,IF(N$1-$D39+$C39-M$1>=0.02083,"X",""),""))) | N39: =IF(AND(O$1-$B39>=0.0208333,$C39-N$1>0.0208333),"X",IF(AND(O$1-$D39>=0.0208333,$E39-N$1>0.0208333),"X",IF(MROUND($C39,"01:00")=N$1,IF(O$1-$D39+$C39-N$1>=0.02083,"X",""),""))) | O39: =IF(AND(P$1-$B39>=0.0208333,$C39-O$1>0.0208333),"X",IF(AND(P$1-$D39>=0.0208333,$E39-O$1>0.0208333),"X",IF(MROUND($C39,"01:00")=O$1,IF(P$1-$D39+$C39-O$1>=0.02083,"X",""),""))) | P39: =IF(AND(Q$1-$B39>=0.0208333,$C39-P$1>0.0208333),"X",IF(AND(Q$1-$D39>=0.0208333,$E39-P$1>0.0208333),"X",IF(MROUND($C39,"01:00")=P$1,IF(Q$1-$D39+$C39-P$1>=0.02083,"X",""),""))) | ... AF39: =IF(AND(AG$1-$B39>=0.0208333,$C39-AF$1>0.0208333),"X",IF(AND(AG$1-$D39>=0.0208333,$E39-AF$1>0.0208333),"X",IF(MROUND($C39,"01:00")=AF$1,IF(AG$1-$D39+$C39-AF$1>=0.02083,"X",""),"")))
A40: =IF(B40>0,1+A39,"") | B40: =MIN(SÁB!CD6:CF6)-G27 -> 0 | C40: =IF(MIN(SÁB!CH6:CH12)>0.08333,OFFSET(SÁB!CH5,MATCH(MIN(SÁB!CH6:CH12),SÁB!CH6:CH12,0),-4),MAX(SÁB!CE6:CF13)) -> 0 | D40: =IF(MIN(SÁB!CH6:CH12)>0.08333,OFFSET(SÁB!CH5,MATCH(MIN(SÁB!CH6:CH12),SÁB!CH6:CH12,0),-2),MIN(SÁB!CD19:CF19)) -> 0 | E40: =IF(MIN(SÁB!CH6:CH12)>0.08333,MAX(SÁB!CE6:CF13),MAX(SÁB!CE19:CF26))-G27 -> 0 | F40: =E40-B40 -> 0 | I40: =IF(AND(J$1-$B40>=0.0208333,$C40-I$1>0.0208333),"X",IF(AND(J$1-$D40>=0.0208333,$E40-I$1>0.0208333),"X",IF(MROUND($C40,"01:00")=I$1,IF(J$1-$D40+$C40-I$1>=0.02083,"X",""),""))) | J40: =IF(AND(K$1-$B40>=0.0208333,$C40-J$1>0.0208333),"X",IF(AND(K$1-$D40>=0.0208333,$E40-J$1>0.0208333),"X",IF(MROUND($C40,"01:00")=J$1,IF(K$1-$D40+$C40-J$1>=0.02083,"X",""),""))) | K40: =IF(AND(L$1-$B40>=0.0208333,$C40-K$1>0.0208333),"X",IF(AND(L$1-$D40>=0.0208333,$E40-K$1>0.0208333),"X",IF(MROUND($C40,"01:00")=K$1,IF(L$1-$D40+$C40-K$1>=0.02083,"X",""),""))) | L40: =IF(AND(M$1-$B40>=0.0208333,$C40-L$1>0.0208333),"X",IF(AND(M$1-$D40>=0.0208333,$E40-L$1>0.0208333),"X",IF(MROUND($C40,"01:00")=L$1,IF(M$1-$D40+$C40-L$1>=0.02083,"X",""),""))) | M40: =IF(AND(N$1-$B40>=0.0208333,$C40-M$1>0.0208333),"X",IF(AND(N$1-$D40>=0.0208333,$E40-M$1>0.0208333),"X",IF(MROUND($C40,"01:00")=M$1,IF(N$1-$D40+$C40-M$1>=0.02083,"X",""),""))) | N40: =IF(AND(O$1-$B40>=0.0208333,$C40-N$1>0.0208333),"X",IF(AND(O$1-$D40>=0.0208333,$E40-N$1>0.0208333),"X",IF(MROUND($C40,"01:00")=N$1,IF(O$1-$D40+$C40-N$1>=0.02083,"X",""),""))) | O40: =IF(AND(P$1-$B40>=0.0208333,$C40-O$1>0.0208333),"X",IF(AND(P$1-$D40>=0.0208333,$E40-O$1>0.0208333),"X",IF(MROUND($C40,"01:00")=O$1,IF(P$1-$D40+$C40-O$1>=0.02083,"X",""),""))) | P40: =IF(AND(Q$1-$B40>=0.0208333,$C40-P$1>0.0208333),"X",IF(AND(Q$1-$D40>=0.0208333,$E40-P$1>0.0208333),"X",IF(MROUND($C40,"01:00")=P$1,IF(Q$1-$D40+$C40-P$1>=0.02083,"X",""),""))) | ... AF40: =IF(AND(AG$1-$B40>=0.0208333,$C40-AF$1>0.0208333),"X",IF(AND(AG$1-$D40>=0.0208333,$E40-AF$1>0.0208333),"X",IF(MROUND($C40,"01:00")=AF$1,IF(AG$1-$D40+$C40-AF$1>=0.02083,"X",""),"")))
A41: =IF(B41>0,1+A40,"") | B41: =MIN(SÁB!CJ6:CL6)-G27 -> 0 | C41: =IF(MIN(SÁB!CN6:CN12)>0.08333,OFFSET(SÁB!CN5,MATCH(MIN(SÁB!CN6:CN12),SÁB!CN6:CN12,0),-4),MAX(SÁB!CK6:CL13)) -> 0 | D41: =IF(MIN(SÁB!CN6:CN12)>0.08333,OFFSET(SÁB!CN5,MATCH(MIN(SÁB!CN6:CN12),SÁB!CN6:CN12,0),-2),MIN(SÁB!CJ19:CL19)) -> 0 | E41: =IF(MIN(SÁB!CN6:CN12)>0.08333,MAX(SÁB!CK6:CL13),MAX(SÁB!CK19:CL26))-G27 -> 0 | F41: =E41-B41 -> 0 | I41: =IF(AND(J$1-$B41>=0.0208333,$C41-I$1>0.0208333),"X",IF(AND(J$1-$D41>=0.0208333,$E41-I$1>0.0208333),"X",IF(MROUND($C41,"01:00")=I$1,IF(J$1-$D41+$C41-I$1>=0.02083,"X",""),""))) | J41: =IF(AND(K$1-$B41>=0.0208333,$C41-J$1>0.0208333),"X",IF(AND(K$1-$D41>=0.0208333,$E41-J$1>0.0208333),"X",IF(MROUND($C41,"01:00")=J$1,IF(K$1-$D41+$C41-J$1>=0.02083,"X",""),""))) | K41: =IF(AND(L$1-$B41>=0.0208333,$C41-K$1>0.0208333),"X",IF(AND(L$1-$D41>=0.0208333,$E41-K$1>0.0208333),"X",IF(MROUND($C41,"01:00")=K$1,IF(L$1-$D41+$C41-K$1>=0.02083,"X",""),""))) | L41: =IF(AND(M$1-$B41>=0.0208333,$C41-L$1>0.0208333),"X",IF(AND(M$1-$D41>=0.0208333,$E41-L$1>0.0208333),"X",IF(MROUND($C41,"01:00")=L$1,IF(M$1-$D41+$C41-L$1>=0.02083,"X",""),""))) | M41: =IF(AND(N$1-$B41>=0.0208333,$C41-M$1>0.0208333),"X",IF(AND(N$1-$D41>=0.0208333,$E41-M$1>0.0208333),"X",IF(MROUND($C41,"01:00")=M$1,IF(N$1-$D41+$C41-M$1>=0.02083,"X",""),""))) | N41: =IF(AND(O$1-$B41>=0.0208333,$C41-N$1>0.0208333),"X",IF(AND(O$1-$D41>=0.0208333,$E41-N$1>0.0208333),"X",IF(MROUND($C41,"01:00")=N$1,IF(O$1-$D41+$C41-N$1>=0.02083,"X",""),""))) | O41: =IF(AND(P$1-$B41>=0.0208333,$C41-O$1>0.0208333),"X",IF(AND(P$1-$D41>=0.0208333,$E41-O$1>0.0208333),"X",IF(MROUND($C41,"01:00")=O$1,IF(P$1-$D41+$C41-O$1>=0.02083,"X",""),""))) | P41: =IF(AND(Q$1-$B41>=0.0208333,$C41-P$1>0.0208333),"X",IF(AND(Q$1-$D41>=0.0208333,$E41-P$1>0.0208333),"X",IF(MROUND($C41,"01:00")=P$1,IF(Q$1-$D41+$C41-P$1>=0.02083,"X",""),""))) | ... AF41: =IF(AND(AG$1-$B41>=0.0208333,$C41-AF$1>0.0208333),"X",IF(AND(AG$1-$D41>=0.0208333,$E41-AF$1>0.0208333),"X",IF(MROUND($C41,"01:00")=AF$1,IF(AG$1-$D41+$C41-AF$1>=0.02083,"X",""),"")))
A42: =IF(B42>0,1+A41,"") | B42: =MIN(SÁB!CP6:CR6)-G27 -> 0 | C42: =IF(MIN(SÁB!CT6:CT12)>0.08333,OFFSET(SÁB!CT5,MATCH(MIN(SÁB!CT6:CT12),SÁB!CT6:CT12,0),-4),MAX(SÁB!CQ6:CR13)) -> 0 | D42: =IF(MIN(SÁB!CT6:CT12)>0.08333,OFFSET(SÁB!CT5,MATCH(MIN(SÁB!CT6:CT12),SÁB!CT6:CT12,0),-2),MIN(SÁB!CP19:CR19)) -> 0 | E42: =IF(MIN(SÁB!CT6:CT12)>0.08333,MAX(SÁB!CQ6:CR13),MAX(SÁB!CQ19:CR26))-G27 -> 0 | F42: =E42-B42 -> 0 | I42: =IF(AND(J$1-$B42>=0.0208333,$C42-I$1>0.0208333),"X",IF(AND(J$1-$D42>=0.0208333,$E42-I$1>0.0208333),"X",IF(MROUND($C42,"01:00")=I$1,IF(J$1-$D42+$C42-I$1>=0.02083,"X",""),""))) | J42: =IF(AND(K$1-$B42>=0.0208333,$C42-J$1>0.0208333),"X",IF(AND(K$1-$D42>=0.0208333,$E42-J$1>0.0208333),"X",IF(MROUND($C42,"01:00")=J$1,IF(K$1-$D42+$C42-J$1>=0.02083,"X",""),""))) | K42: =IF(AND(L$1-$B42>=0.0208333,$C42-K$1>0.0208333),"X",IF(AND(L$1-$D42>=0.0208333,$E42-K$1>0.0208333),"X",IF(MROUND($C42,"01:00")=K$1,IF(L$1-$D42+$C42-K$1>=0.02083,"X",""),""))) | L42: =IF(AND(M$1-$B42>=0.0208333,$C42-L$1>0.0208333),"X",IF(AND(M$1-$D42>=0.0208333,$E42-L$1>0.0208333),"X",IF(MROUND($C42,"01:00")=L$1,IF(M$1-$D42+$C42-L$1>=0.02083,"X",""),""))) | M42: =IF(AND(N$1-$B42>=0.0208333,$C42-M$1>0.0208333),"X",IF(AND(N$1-$D42>=0.0208333,$E42-M$1>0.0208333),"X",IF(MROUND($C42,"01:00")=M$1,IF(N$1-$D42+$C42-M$1>=0.02083,"X",""),""))) | N42: =IF(AND(O$1-$B42>=0.0208333,$C42-N$1>0.0208333),"X",IF(AND(O$1-$D42>=0.0208333,$E42-N$1>0.0208333),"X",IF(MROUND($C42,"01:00")=N$1,IF(O$1-$D42+$C42-N$1>=0.02083,"X",""),""))) | O42: =IF(AND(P$1-$B42>=0.0208333,$C42-O$1>0.0208333),"X",IF(AND(P$1-$D42>=0.0208333,$E42-O$1>0.0208333),"X",IF(MROUND($C42,"01:00")=O$1,IF(P$1-$D42+$C42-O$1>=0.02083,"X",""),""))) | P42: =IF(AND(Q$1-$B42>=0.0208333,$C42-P$1>0.0208333),"X",IF(AND(Q$1-$D42>=0.0208333,$E42-P$1>0.0208333),"X",IF(MROUND($C42,"01:00")=P$1,IF(Q$1-$D42+$C42-P$1>=0.02083,"X",""),""))) | ... AF42: =IF(AND(AG$1-$B42>=0.0208333,$C42-AF$1>0.0208333),"X",IF(AND(AG$1-$D42>=0.0208333,$E42-AF$1>0.0208333),"X",IF(MROUND($C42,"01:00")=AF$1,IF(AG$1-$D42+$C42-AF$1>=0.02083,"X",""),"")))
A43: =IF(B43>0,1+A42,"") | B43: =MIN(SÁB!CV6:CX6)-G27 -> 0 | C43: =IF(MIN(SÁB!CZ6:CZ12)>0.08333,OFFSET(SÁB!CZ5,MATCH(MIN(SÁB!CZ6:CZ12),SÁB!CZ6:CZ12,0),-4),MAX(SÁB!CW6:CX13)) -> 0 | D43: =IF(MIN(SÁB!CZ6:CZ12)>0.08333,OFFSET(SÁB!CZ5,MATCH(MIN(SÁB!CZ6:CZ12),SÁB!CZ6:CZ12,0),-2),MIN(SÁB!CV19:CX19)) -> 0 | E43: =IF(MIN(SÁB!CZ6:CZ12)>0.08333,MAX(SÁB!CW6:CX13),MAX(SÁB!CW19:CX26))-G27 -> 0 | F43: =E43-B43 -> 0 | I43: =IF(AND(J$1-$B43>=0.0208333,$C43-I$1>0.0208333),"X",IF(AND(J$1-$D43>=0.0208333,$E43-I$1>0.0208333),"X",IF(MROUND($C43,"01:00")=I$1,IF(J$1-$D43+$C43-I$1>=0.02083,"X",""),""))) | J43: =IF(AND(K$1-$B43>=0.0208333,$C43-J$1>0.0208333),"X",IF(AND(K$1-$D43>=0.0208333,$E43-J$1>0.0208333),"X",IF(MROUND($C43,"01:00")=J$1,IF(K$1-$D43+$C43-J$1>=0.02083,"X",""),""))) | K43: =IF(AND(L$1-$B43>=0.0208333,$C43-K$1>0.0208333),"X",IF(AND(L$1-$D43>=0.0208333,$E43-K$1>0.0208333),"X",IF(MROUND($C43,"01:00")=K$1,IF(L$1-$D43+$C43-K$1>=0.02083,"X",""),""))) | L43: =IF(AND(M$1-$B43>=0.0208333,$C43-L$1>0.0208333),"X",IF(AND(M$1-$D43>=0.0208333,$E43-L$1>0.0208333),"X",IF(MROUND($C43,"01:00")=L$1,IF(M$1-$D43+$C43-L$1>=0.02083,"X",""),""))) | M43: =IF(AND(N$1-$B43>=0.0208333,$C43-M$1>0.0208333),"X",IF(AND(N$1-$D43>=0.0208333,$E43-M$1>0.0208333),"X",IF(MROUND($C43,"01:00")=M$1,IF(N$1-$D43+$C43-M$1>=0.02083,"X",""),""))) | N43: =IF(AND(O$1-$B43>=0.0208333,$C43-N$1>0.0208333),"X",IF(AND(O$1-$D43>=0.0208333,$E43-N$1>0.0208333),"X",IF(MROUND($C43,"01:00")=N$1,IF(O$1-$D43+$C43-N$1>=0.02083,"X",""),""))) | O43: =IF(AND(P$1-$B43>=0.0208333,$C43-O$1>0.0208333),"X",IF(AND(P$1-$D43>=0.0208333,$E43-O$1>0.0208333),"X",IF(MROUND($C43,"01:00")=O$1,IF(P$1-$D43+$C43-O$1>=0.02083,"X",""),""))) | P43: =IF(AND(Q$1-$B43>=0.0208333,$C43-P$1>0.0208333),"X",IF(AND(Q$1-$D43>=0.0208333,$E43-P$1>0.0208333),"X",IF(MROUND($C43,"01:00")=P$1,IF(Q$1-$D43+$C43-P$1>=0.02083,"X",""),""))) | ... AF43: =IF(AND(AG$1-$B43>=0.0208333,$C43-AF$1>0.0208333),"X",IF(AND(AG$1-$D43>=0.0208333,$E43-AF$1>0.0208333),"X",IF(MROUND($C43,"01:00")=AF$1,IF(AG$1-$D43+$C43-AF$1>=0.02083,"X",""),"")))
A44: =IF(B44>0,1+A43,"") | B44: =MIN(SÁB!DB6:DD6)-G27 -> 0 | C44: =IF(MIN(SÁB!DF6:DF12)>0.08333,OFFSET(SÁB!DF5,MATCH(MIN(SÁB!DF6:DF12),SÁB!DF6:DF12,0),-4),MAX(SÁB!DC6:DD13)) -> 0 | D44: =IF(MIN(SÁB!DF6:DF12)>0.08333,OFFSET(SÁB!DF5,MATCH(MIN(SÁB!DF6:DF12),SÁB!DF6:DF12,0),-2),MIN(SÁB!DB19:DD19)) -> 0 | E44: =IF(MIN(SÁB!DF6:DF12)>0.08333,MAX(SÁB!DC6:DD13),MAX(SÁB!DC19:DD26))-G27 -> 0 | F44: =E44-B44 -> 0 | I44: =IF(AND(J$1-$B44>=0.0208333,$C44-I$1>0.0208333),"X",IF(AND(J$1-$D44>=0.0208333,$E44-I$1>0.0208333),"X",IF(MROUND($C44,"01:00")=I$1,IF(J$1-$D44+$C44-I$1>=0.02083,"X",""),""))) | J44: =IF(AND(K$1-$B44>=0.0208333,$C44-J$1>0.0208333),"X",IF(AND(K$1-$D44>=0.0208333,$E44-J$1>0.0208333),"X",IF(MROUND($C44,"01:00")=J$1,IF(K$1-$D44+$C44-J$1>=0.02083,"X",""),""))) | K44: =IF(AND(L$1-$B44>=0.0208333,$C44-K$1>0.0208333),"X",IF(AND(L$1-$D44>=0.0208333,$E44-K$1>0.0208333),"X",IF(MROUND($C44,"01:00")=K$1,IF(L$1-$D44+$C44-K$1>=0.02083,"X",""),""))) | L44: =IF(AND(M$1-$B44>=0.0208333,$C44-L$1>0.0208333),"X",IF(AND(M$1-$D44>=0.0208333,$E44-L$1>0.0208333),"X",IF(MROUND($C44,"01:00")=L$1,IF(M$1-$D44+$C44-L$1>=0.02083,"X",""),""))) | M44: =IF(AND(N$1-$B44>=0.0208333,$C44-M$1>0.0208333),"X",IF(AND(N$1-$D44>=0.0208333,$E44-M$1>0.0208333),"X",IF(MROUND($C44,"01:00")=M$1,IF(N$1-$D44+$C44-M$1>=0.02083,"X",""),""))) | N44: =IF(AND(O$1-$B44>=0.0208333,$C44-N$1>0.0208333),"X",IF(AND(O$1-$D44>=0.0208333,$E44-N$1>0.0208333),"X",IF(MROUND($C44,"01:00")=N$1,IF(O$1-$D44+$C44-N$1>=0.02083,"X",""),""))) | O44: =IF(AND(P$1-$B44>=0.0208333,$C44-O$1>0.0208333),"X",IF(AND(P$1-$D44>=0.0208333,$E44-O$1>0.0208333),"X",IF(MROUND($C44,"01:00")=O$1,IF(P$1-$D44+$C44-O$1>=0.02083,"X",""),""))) | P44: =IF(AND(Q$1-$B44>=0.0208333,$C44-P$1>0.0208333),"X",IF(AND(Q$1-$D44>=0.0208333,$E44-P$1>0.0208333),"X",IF(MROUND($C44,"01:00")=P$1,IF(Q$1-$D44+$C44-P$1>=0.02083,"X",""),""))) | ... AF44: =IF(AND(AG$1-$B44>=0.0208333,$C44-AF$1>0.0208333),"X",IF(AND(AG$1-$D44>=0.0208333,$E44-AF$1>0.0208333),"X",IF(MROUND($C44,"01:00")=AF$1,IF(AG$1-$D44+$C44-AF$1>=0.02083,"X",""),"")))
A45: =IF(B45>0,1+A44,"") | B45: =MIN(SÁB!DH6:DJ6)-G27 -> 0 | C45: =IF(MIN(SÁB!DL6:DL12)>0.08333,OFFSET(SÁB!DL5,MATCH(MIN(SÁB!DL6:DL12),SÁB!DL6:DL12,0),-4),MAX(SÁB!DI6:DJ13)) -> 0 | D45: =IF(MIN(SÁB!DL6:DL12)>0.08333,OFFSET(SÁB!DL5,MATCH(MIN(SÁB!DL6:DL12),SÁB!DL6:DL12,0),-2),MIN(SÁB!DH19:DJ19)) -> 0 | E45: =IF(MIN(SÁB!DL6:DL12)>0.08333,MAX(SÁB!DI6:DJ13),MAX(SÁB!DI19:DJ26))-G27 -> 0 | F45: =E45-B45 -> 0 | I45: =IF(AND(J$1-$B45>=0.0208333,$C45-I$1>0.0208333),"X",IF(AND(J$1-$D45>=0.0208333,$E45-I$1>0.0208333),"X",IF(MROUND($C45,"01:00")=I$1,IF(J$1-$D45+$C45-I$1>=0.02083,"X",""),""))) | J45: =IF(AND(K$1-$B45>=0.0208333,$C45-J$1>0.0208333),"X",IF(AND(K$1-$D45>=0.0208333,$E45-J$1>0.0208333),"X",IF(MROUND($C45,"01:00")=J$1,IF(K$1-$D45+$C45-J$1>=0.02083,"X",""),""))) | K45: =IF(AND(L$1-$B45>=0.0208333,$C45-K$1>0.0208333),"X",IF(AND(L$1-$D45>=0.0208333,$E45-K$1>0.0208333),"X",IF(MROUND($C45,"01:00")=K$1,IF(L$1-$D45+$C45-K$1>=0.02083,"X",""),""))) | L45: =IF(AND(M$1-$B45>=0.0208333,$C45-L$1>0.0208333),"X",IF(AND(M$1-$D45>=0.0208333,$E45-L$1>0.0208333),"X",IF(MROUND($C45,"01:00")=L$1,IF(M$1-$D45+$C45-L$1>=0.02083,"X",""),""))) | M45: =IF(AND(N$1-$B45>=0.0208333,$C45-M$1>0.0208333),"X",IF(AND(N$1-$D45>=0.0208333,$E45-M$1>0.0208333),"X",IF(MROUND($C45,"01:00")=M$1,IF(N$1-$D45+$C45-M$1>=0.02083,"X",""),""))) | N45: =IF(AND(O$1-$B45>=0.0208333,$C45-N$1>0.0208333),"X",IF(AND(O$1-$D45>=0.0208333,$E45-N$1>0.0208333),"X",IF(MROUND($C45,"01:00")=N$1,IF(O$1-$D45+$C45-N$1>=0.02083,"X",""),""))) | O45: =IF(AND(P$1-$B45>=0.0208333,$C45-O$1>0.0208333),"X",IF(AND(P$1-$D45>=0.0208333,$E45-O$1>0.0208333),"X",IF(MROUND($C45,"01:00")=O$1,IF(P$1-$D45+$C45-O$1>=0.02083,"X",""),""))) | P45: =IF(AND(Q$1-$B45>=0.0208333,$C45-P$1>0.0208333),"X",IF(AND(Q$1-$D45>=0.0208333,$E45-P$1>0.0208333),"X",IF(MROUND($C45,"01:00")=P$1,IF(Q$1-$D45+$C45-P$1>=0.02083,"X",""),""))) | ... AF45: =IF(AND(AG$1-$B45>=0.0208333,$C45-AF$1>0.0208333),"X",IF(AND(AG$1-$D45>=0.0208333,$E45-AF$1>0.0208333),"X",IF(MROUND($C45,"01:00")=AF$1,IF(AG$1-$D45+$C45-AF$1>=0.02083,"X",""),"")))
A46: =IF(B46>0,1+A45,"") | B46: =MIN(SÁB!DN6:DP6)-G27 -> 0 | C46: =IF(MIN(SÁB!DR6:DR12)>0.08333,OFFSET(SÁB!DR5,MATCH(MIN(SÁB!DR6:DR12),SÁB!DR6:DR12,0),-4),MAX(SÁB!DO6:DP13)) -> 0 | D46: =IF(MIN(SÁB!DR6:DR12)>0.08333,OFFSET(SÁB!DR5,MATCH(MIN(SÁB!DR6:DR12),SÁB!DR6:DR12,0),-2),MIN(SÁB!DN19:DP19)) -> 0 | E46: =IF(MIN(SÁB!DR6:DR12)>0.08333,MAX(SÁB!DO6:DP13),MAX(SÁB!DO19:DP26))-G27 -> 0 | F46: =E46-B46 -> 0 | I46: =IF(AND(J$1-$B46>=0.0208333,$C46-I$1>0.0208333),"X",IF(AND(J$1-$D46>=0.0208333,$E46-I$1>0.0208333),"X",IF(MROUND($C46,"01:00")=I$1,IF(J$1-$D46+$C46-I$1>=0.02083,"X",""),""))) | J46: =IF(AND(K$1-$B46>=0.0208333,$C46-J$1>0.0208333),"X",IF(AND(K$1-$D46>=0.0208333,$E46-J$1>0.0208333),"X",IF(MROUND($C46,"01:00")=J$1,IF(K$1-$D46+$C46-J$1>=0.02083,"X",""),""))) | K46: =IF(AND(L$1-$B46>=0.0208333,$C46-K$1>0.0208333),"X",IF(AND(L$1-$D46>=0.0208333,$E46-K$1>0.0208333),"X",IF(MROUND($C46,"01:00")=K$1,IF(L$1-$D46+$C46-K$1>=0.02083,"X",""),""))) | L46: =IF(AND(M$1-$B46>=0.0208333,$C46-L$1>0.0208333),"X",IF(AND(M$1-$D46>=0.0208333,$E46-L$1>0.0208333),"X",IF(MROUND($C46,"01:00")=L$1,IF(M$1-$D46+$C46-L$1>=0.02083,"X",""),""))) | M46: =IF(AND(N$1-$B46>=0.0208333,$C46-M$1>0.0208333),"X",IF(AND(N$1-$D46>=0.0208333,$E46-M$1>0.0208333),"X",IF(MROUND($C46,"01:00")=M$1,IF(N$1-$D46+$C46-M$1>=0.02083,"X",""),""))) | N46: =IF(AND(O$1-$B46>=0.0208333,$C46-N$1>0.0208333),"X",IF(AND(O$1-$D46>=0.0208333,$E46-N$1>0.0208333),"X",IF(MROUND($C46,"01:00")=N$1,IF(O$1-$D46+$C46-N$1>=0.02083,"X",""),""))) | O46: =IF(AND(P$1-$B46>=0.0208333,$C46-O$1>0.0208333),"X",IF(AND(P$1-$D46>=0.0208333,$E46-O$1>0.0208333),"X",IF(MROUND($C46,"01:00")=O$1,IF(P$1-$D46+$C46-O$1>=0.02083,"X",""),""))) | P46: =IF(AND(Q$1-$B46>=0.0208333,$C46-P$1>0.0208333),"X",IF(AND(Q$1-$D46>=0.0208333,$E46-P$1>0.0208333),"X",IF(MROUND($C46,"01:00")=P$1,IF(Q$1-$D46+$C46-P$1>=0.02083,"X",""),""))) | ... AF46: =IF(AND(AG$1-$B46>=0.0208333,$C46-AF$1>0.0208333),"X",IF(AND(AG$1-$D46>=0.0208333,$E46-AF$1>0.0208333),"X",IF(MROUND($C46,"01:00")=AF$1,IF(AG$1-$D46+$C46-AF$1>=0.02083,"X",""),"")))
A47: =IF(B47>0,1+A46,"") | B47: =MIN(SÁB!DT6:DV6)-G27 -> 0 | C47: =IF(MIN(SÁB!DX6:DX12)>0.08333,OFFSET(SÁB!DX5,MATCH(MIN(SÁB!DX6:DX12),SÁB!DX6:DX12,0),-4),MAX(SÁB!DU6:DV13)) -> 0 | D47: =IF(MIN(SÁB!DX6:DX12)>0.08333,OFFSET(SÁB!DX5,MATCH(MIN(SÁB!DX6:DX12),SÁB!DX6:DX12,0),-2),MIN(SÁB!DT19:DV19)) -> 0 | E47: =IF(MIN(SÁB!DX6:DX12)>0.08333,MAX(SÁB!DU6:DV13),MAX(SÁB!DU19:DV26))-G27 -> 0 | F47: =E47-B47 -> 0 | I47: =IF(AND(J$1-$B47>=0.0208333,$C47-I$1>0.0208333),"X",IF(AND(J$1-$D47>=0.0208333,$E47-I$1>0.0208333),"X",IF(MROUND($C47,"01:00")=I$1,IF(J$1-$D47+$C47-I$1>=0.02083,"X",""),""))) | J47: =IF(AND(K$1-$B47>=0.0208333,$C47-J$1>0.0208333),"X",IF(AND(K$1-$D47>=0.0208333,$E47-J$1>0.0208333),"X",IF(MROUND($C47,"01:00")=J$1,IF(K$1-$D47+$C47-J$1>=0.02083,"X",""),""))) | K47: =IF(AND(L$1-$B47>=0.0208333,$C47-K$1>0.0208333),"X",IF(AND(L$1-$D47>=0.0208333,$E47-K$1>0.0208333),"X",IF(MROUND($C47,"01:00")=K$1,IF(L$1-$D47+$C47-K$1>=0.02083,"X",""),""))) | L47: =IF(AND(M$1-$B47>=0.0208333,$C47-L$1>0.0208333),"X",IF(AND(M$1-$D47>=0.0208333,$E47-L$1>0.0208333),"X",IF(MROUND($C47,"01:00")=L$1,IF(M$1-$D47+$C47-L$1>=0.02083,"X",""),""))) | M47: =IF(AND(N$1-$B47>=0.0208333,$C47-M$1>0.0208333),"X",IF(AND(N$1-$D47>=0.0208333,$E47-M$1>0.0208333),"X",IF(MROUND($C47,"01:00")=M$1,IF(N$1-$D47+$C47-M$1>=0.02083,"X",""),""))) | N47: =IF(AND(O$1-$B47>=0.0208333,$C47-N$1>0.0208333),"X",IF(AND(O$1-$D47>=0.0208333,$E47-N$1>0.0208333),"X",IF(MROUND($C47,"01:00")=N$1,IF(O$1-$D47+$C47-N$1>=0.02083,"X",""),""))) | O47: =IF(AND(P$1-$B47>=0.0208333,$C47-O$1>0.0208333),"X",IF(AND(P$1-$D47>=0.0208333,$E47-O$1>0.0208333),"X",IF(MROUND($C47,"01:00")=O$1,IF(P$1-$D47+$C47-O$1>=0.02083,"X",""),""))) | P47: =IF(AND(Q$1-$B47>=0.0208333,$C47-P$1>0.0208333),"X",IF(AND(Q$1-$D47>=0.0208333,$E47-P$1>0.0208333),"X",IF(MROUND($C47,"01:00")=P$1,IF(Q$1-$D47+$C47-P$1>=0.02083,"X",""),""))) | ... AF47: =IF(AND(AG$1-$B47>=0.0208333,$C47-AF$1>0.0208333),"X",IF(AND(AG$1-$D47>=0.0208333,$E47-AF$1>0.0208333),"X",IF(MROUND($C47,"01:00")=AF$1,IF(AG$1-$D47+$C47-AF$1>=0.02083,"X",""),"")))
A48: =IF(B48>0,1+A47,"") | B48: =MIN(SÁB!DZ6:EB6)-G27 -> 0 | C48: =IF(MIN(SÁB!ED6:ED12)>0.08333,OFFSET(SÁB!ED5,MATCH(MIN(SÁB!ED6:ED12),SÁB!ED6:ED12,0),-4),MAX(SÁB!EA6:EB13)) -> 0 | D48: =IF(MIN(SÁB!ED6:ED12)>0.08333,OFFSET(SÁB!ED5,MATCH(MIN(SÁB!ED6:ED12),SÁB!ED6:ED12,0),-2),MIN(SÁB!DZ19:EB19)) -> 0 | E48: =IF(MIN(SÁB!ED6:ED12)>0.08333,MAX(SÁB!EA6:EB13),MAX(SÁB!EA19:EB26))-G27 -> 0 | F48: =E48-B48 -> 0 | I48: =IF(AND(J$1-$B48>=0.0208333,$C48-I$1>0.0208333),"X",IF(AND(J$1-$D48>=0.0208333,$E48-I$1>0.0208333),"X",IF(MROUND($C48,"01:00")=I$1,IF(J$1-$D48+$C48-I$1>=0.02083,"X",""),""))) | J48: =IF(AND(K$1-$B48>=0.0208333,$C48-J$1>0.0208333),"X",IF(AND(K$1-$D48>=0.0208333,$E48-J$1>0.0208333),"X",IF(MROUND($C48,"01:00")=J$1,IF(K$1-$D48+$C48-J$1>=0.02083,"X",""),""))) | K48: =IF(AND(L$1-$B48>=0.0208333,$C48-K$1>0.0208333),"X",IF(AND(L$1-$D48>=0.0208333,$E48-K$1>0.0208333),"X",IF(MROUND($C48,"01:00")=K$1,IF(L$1-$D48+$C48-K$1>=0.02083,"X",""),""))) | L48: =IF(AND(M$1-$B48>=0.0208333,$C48-L$1>0.0208333),"X",IF(AND(M$1-$D48>=0.0208333,$E48-L$1>0.0208333),"X",IF(MROUND($C48,"01:00")=L$1,IF(M$1-$D48+$C48-L$1>=0.02083,"X",""),""))) | M48: =IF(AND(N$1-$B48>=0.0208333,$C48-M$1>0.0208333),"X",IF(AND(N$1-$D48>=0.0208333,$E48-M$1>0.0208333),"X",IF(MROUND($C48,"01:00")=M$1,IF(N$1-$D48+$C48-M$1>=0.02083,"X",""),""))) | N48: =IF(AND(O$1-$B48>=0.0208333,$C48-N$1>0.0208333),"X",IF(AND(O$1-$D48>=0.0208333,$E48-N$1>0.0208333),"X",IF(MROUND($C48,"01:00")=N$1,IF(O$1-$D48+$C48-N$1>=0.02083,"X",""),""))) | O48: =IF(AND(P$1-$B48>=0.0208333,$C48-O$1>0.0208333),"X",IF(AND(P$1-$D48>=0.0208333,$E48-O$1>0.0208333),"X",IF(MROUND($C48,"01:00")=O$1,IF(P$1-$D48+$C48-O$1>=0.02083,"X",""),""))) | P48: =IF(AND(Q$1-$B48>=0.0208333,$C48-P$1>0.0208333),"X",IF(AND(Q$1-$D48>=0.0208333,$E48-P$1>0.0208333),"X",IF(MROUND($C48,"01:00")=P$1,IF(Q$1-$D48+$C48-P$1>=0.02083,"X",""),""))) | ... AF48: =IF(AND(AG$1-$B48>=0.0208333,$C48-AF$1>0.0208333),"X",IF(AND(AG$1-$D48>=0.0208333,$E48-AF$1>0.0208333),"X",IF(MROUND($C48,"01:00")=AF$1,IF(AG$1-$D48+$C48-AF$1>=0.02083,"X",""),"")))
A51: =IF(B51>=0.000694444444444444,1,"") | B51: =MIN(DOM!D6:F6)-G51 -> 0 | C51: =IF(MIN(DOM!H6:H12)>0.08333,OFFSET(DOM!H5,MATCH(MIN(DOM!H6:H12),DOM!H6:H12,0),-4),MAX(DOM!E6:F13)) -> 0 | D51: =IF(MIN(DOM!H6:H12)>0.08333,OFFSET(DOM!H5,MATCH(MIN(DOM!H6:H12),DOM!H6:H12,0),-2),MIN(DOM!D19:F19)) -> 0 | E51: =IF(MIN(DOM!H6:H12)>0.08333,MAX(DOM!E6:F13),MAX(DOM!E19:F26))+G51 -> 0 | F51: =E51-B51 -> 0 | G51: 0 | I51: =IF(AND(J$1-$B51>=0.0208333,$C51-I$1>0.0208333),"X",IF(AND(J$1-$D51>=0.0208333,$E51-I$1>0.0208333),"X",IF(MROUND($C51,"01:00")=I$1,IF(J$1-$D51+$C51-I$1>=0.02083,"X",""),""))) | J51: =IF(AND(K$1-$B51>=0.0208333,$C51-J$1>0.0208333),"X",IF(AND(K$1-$D51>=0.0208333,$E51-J$1>0.0208333),"X",IF(MROUND($C51,"01:00")=J$1,IF(K$1-$D51+$C51-J$1>=0.02083,"X",""),""))) | K51: =IF(AND(L$1-$B51>=0.0208333,$C51-K$1>0.0208333),"X",IF(AND(L$1-$D51>=0.0208333,$E51-K$1>0.0208333),"X",IF(MROUND($C51,"01:00")=K$1,IF(L$1-$D51+$C51-K$1>=0.02083,"X",""),""))) | L51: =IF(AND(M$1-$B51>=0.0208333,$C51-L$1>0.0208333),"X",IF(AND(M$1-$D51>=0.0208333,$E51-L$1>0.0208333),"X",IF(MROUND($C51,"01:00")=L$1,IF(M$1-$D51+$C51-L$1>=0.02083,"X",""),""))) | M51: =IF(AND(N$1-$B51>=0.0208333,$C51-M$1>0.0208333),"X",IF(AND(N$1-$D51>=0.0208333,$E51-M$1>0.0208333),"X",IF(MROUND($C51,"01:00")=M$1,IF(N$1-$D51+$C51-M$1>=0.02083,"X",""),""))) | N51: =IF(AND(O$1-$B51>=0.0208333,$C51-N$1>0.0208333),"X",IF(AND(O$1-$D51>=0.0208333,$E51-N$1>0.0208333),"X",IF(MROUND($C51,"01:00")=N$1,IF(O$1-$D51+$C51-N$1>=0.02083,"X",""),""))) | O51: =IF(AND(P$1-$B51>=0.0208333,$C51-O$1>0.0208333),"X",IF(AND(P$1-$D51>=0.0208333,$E51-O$1>0.0208333),"X",IF(MROUND($C51,"01:00")=O$1,IF(P$1-$D51+$C51-O$1>=0.02083,"X",""),""))) | P51: =IF(AND(Q$1-$B51>=0.0208333,$C51-P$1>0.0208333),"X",IF(AND(Q$1-$D51>=0.0208333,$E51-P$1>0.0208333),"X",IF(MROUND($C51,"01:00")=P$1,IF(Q$1-$D51+$C51-P$1>=0.02083,"X",""),""))) | ... AF51: =IF(AND(AG$1-$B51>=0.0208333,$C51-AF$1>0.0208333),"X",IF(AND(AG$1-$D51>=0.0208333,$E51-AF$1>0.0208333),"X",IF(MROUND($C51,"01:00")=AF$1,IF(AG$1-$D51+$C51-AF$1>=0.02083,"X",""),"")))
A52: =IF(B52>0,1+A51,"") | B52: =MIN(DOM!J6:L6)-G51 -> 0 | C52: =IF(MIN(DOM!N6:N12)>0.08333,OFFSET(DOM!N5,MATCH(MIN(DOM!N6:N12),DOM!N6:N12,0),-4),MAX(DOM!K6:L13)) -> 0 | D52: =IF(MIN(DOM!N6:N12)>0.08333,OFFSET(DOM!N5,MATCH(MIN(DOM!N6:N12),DOM!N6:N12,0),-2),MIN(DOM!J19:L19)) -> 0 | E52: =IF(MIN(DOM!N6:N12)>0.08333,MAX(DOM!K6:L13),MAX(DOM!K19:L26))+G51 -> 0 | F52: =E52-B52 -> 0 | I52: =IF(AND(J$1-$B52>=0.0208333,$C52-I$1>0.0208333),"X",IF(AND(J$1-$D52>=0.0208333,$E52-I$1>0.0208333),"X",IF(MROUND($C52,"01:00")=I$1,IF(J$1-$D52+$C52-I$1>=0.02083,"X",""),""))) | J52: =IF(AND(K$1-$B52>=0.0208333,$C52-J$1>0.0208333),"X",IF(AND(K$1-$D52>=0.0208333,$E52-J$1>0.0208333),"X",IF(MROUND($C52,"01:00")=J$1,IF(K$1-$D52+$C52-J$1>=0.02083,"X",""),""))) | K52: =IF(AND(L$1-$B52>=0.0208333,$C52-K$1>0.0208333),"X",IF(AND(L$1-$D52>=0.0208333,$E52-K$1>0.0208333),"X",IF(MROUND($C52,"01:00")=K$1,IF(L$1-$D52+$C52-K$1>=0.02083,"X",""),""))) | L52: =IF(AND(M$1-$B52>=0.0208333,$C52-L$1>0.0208333),"X",IF(AND(M$1-$D52>=0.0208333,$E52-L$1>0.0208333),"X",IF(MROUND($C52,"01:00")=L$1,IF(M$1-$D52+$C52-L$1>=0.02083,"X",""),""))) | M52: =IF(AND(N$1-$B52>=0.0208333,$C52-M$1>0.0208333),"X",IF(AND(N$1-$D52>=0.0208333,$E52-M$1>0.0208333),"X",IF(MROUND($C52,"01:00")=M$1,IF(N$1-$D52+$C52-M$1>=0.02083,"X",""),""))) | N52: =IF(AND(O$1-$B52>=0.0208333,$C52-N$1>0.0208333),"X",IF(AND(O$1-$D52>=0.0208333,$E52-N$1>0.0208333),"X",IF(MROUND($C52,"01:00")=N$1,IF(O$1-$D52+$C52-N$1>=0.02083,"X",""),""))) | O52: =IF(AND(P$1-$B52>=0.0208333,$C52-O$1>0.0208333),"X",IF(AND(P$1-$D52>=0.0208333,$E52-O$1>0.0208333),"X",IF(MROUND($C52,"01:00")=O$1,IF(P$1-$D52+$C52-O$1>=0.02083,"X",""),""))) | P52: =IF(AND(Q$1-$B52>=0.0208333,$C52-P$1>0.0208333),"X",IF(AND(Q$1-$D52>=0.0208333,$E52-P$1>0.0208333),"X",IF(MROUND($C52,"01:00")=P$1,IF(Q$1-$D52+$C52-P$1>=0.02083,"X",""),""))) | ... AF52: =IF(AND(AG$1-$B52>=0.0208333,$C52-AF$1>0.0208333),"X",IF(AND(AG$1-$D52>=0.0208333,$E52-AF$1>0.0208333),"X",IF(MROUND($C52,"01:00")=AF$1,IF(AG$1-$D52+$C52-AF$1>=0.02083,"X",""),"")))
A53: =IF(B53>0,1+A52,"") | B53: =MIN(DOM!P6:R6)-G51 -> 0 | C53: =IF(MIN(DOM!T6:T12)>0.08333,OFFSET(DOM!T5,MATCH(MIN(DOM!T6:T12),DOM!T6:T12,0),-4),MAX(DOM!Q6:R13)) -> 0 | D53: =IF(MIN(DOM!T6:T12)>0.08333,OFFSET(DOM!T5,MATCH(MIN(DOM!T6:T12),DOM!T6:T12,0),-2),MIN(DOM!P19:R19)) -> 0 | E53: =IF(MIN(DOM!T6:T12)>0.08333,MAX(DOM!Q6:R13),MAX(DOM!Q19:R26))+G51 -> 0 | F53: =E53-B53 -> 0 | I53: =IF(AND(J$1-$B53>=0.0208333,$C53-I$1>0.0208333),"X",IF(AND(J$1-$D53>=0.0208333,$E53-I$1>0.0208333),"X",IF(MROUND($C53,"01:00")=I$1,IF(J$1-$D53+$C53-I$1>=0.02083,"X",""),""))) | J53: =IF(AND(K$1-$B53>=0.0208333,$C53-J$1>0.0208333),"X",IF(AND(K$1-$D53>=0.0208333,$E53-J$1>0.0208333),"X",IF(MROUND($C53,"01:00")=J$1,IF(K$1-$D53+$C53-J$1>=0.02083,"X",""),""))) | K53: =IF(AND(L$1-$B53>=0.0208333,$C53-K$1>0.0208333),"X",IF(AND(L$1-$D53>=0.0208333,$E53-K$1>0.0208333),"X",IF(MROUND($C53,"01:00")=K$1,IF(L$1-$D53+$C53-K$1>=0.02083,"X",""),""))) | L53: =IF(AND(M$1-$B53>=0.0208333,$C53-L$1>0.0208333),"X",IF(AND(M$1-$D53>=0.0208333,$E53-L$1>0.0208333),"X",IF(MROUND($C53,"01:00")=L$1,IF(M$1-$D53+$C53-L$1>=0.02083,"X",""),""))) | M53: =IF(AND(N$1-$B53>=0.0208333,$C53-M$1>0.0208333),"X",IF(AND(N$1-$D53>=0.0208333,$E53-M$1>0.0208333),"X",IF(MROUND($C53,"01:00")=M$1,IF(N$1-$D53+$C53-M$1>=0.02083,"X",""),""))) | N53: =IF(AND(O$1-$B53>=0.0208333,$C53-N$1>0.0208333),"X",IF(AND(O$1-$D53>=0.0208333,$E53-N$1>0.0208333),"X",IF(MROUND($C53,"01:00")=N$1,IF(O$1-$D53+$C53-N$1>=0.02083,"X",""),""))) | O53: =IF(AND(P$1-$B53>=0.0208333,$C53-O$1>0.0208333),"X",IF(AND(P$1-$D53>=0.0208333,$E53-O$1>0.0208333),"X",IF(MROUND($C53,"01:00")=O$1,IF(P$1-$D53+$C53-O$1>=0.02083,"X",""),""))) | P53: =IF(AND(Q$1-$B53>=0.0208333,$C53-P$1>0.0208333),"X",IF(AND(Q$1-$D53>=0.0208333,$E53-P$1>0.0208333),"X",IF(MROUND($C53,"01:00")=P$1,IF(Q$1-$D53+$C53-P$1>=0.02083,"X",""),""))) | ... AF53: =IF(AND(AG$1-$B53>=0.0208333,$C53-AF$1>0.0208333),"X",IF(AND(AG$1-$D53>=0.0208333,$E53-AF$1>0.0208333),"X",IF(MROUND($C53,"01:00")=AF$1,IF(AG$1-$D53+$C53-AF$1>=0.02083,"X",""),"")))
A54: =IF(B54>0,1+A53,"") | B54: =MIN(DOM!V6:X6)-G51 -> 0 | C54: =IF(MIN(DOM!Z6:Z12)>0.08333,OFFSET(DOM!Z5,MATCH(MIN(DOM!Z6:Z12),DOM!Z6:Z12,0),-4),MAX(DOM!W6:X13)) -> 0 | D54: =IF(MIN(DOM!Z6:Z12)>0.08333,OFFSET(DOM!Z5,MATCH(MIN(DOM!Z6:Z12),DOM!Z6:Z12,0),-2),MIN(DOM!V19:X19)) -> 0 | E54: =IF(MIN(DOM!Z6:Z12)>0.08333,MAX(DOM!W6:X13),MAX(DOM!W19:X26))+G51 -> 0 | F54: =E54-B54 -> 0 | I54: =IF(AND(J$1-$B54>=0.0208333,$C54-I$1>0.0208333),"X",IF(AND(J$1-$D54>=0.0208333,$E54-I$1>0.0208333),"X",IF(MROUND($C54,"01:00")=I$1,IF(J$1-$D54+$C54-I$1>=0.02083,"X",""),""))) | J54: =IF(AND(K$1-$B54>=0.0208333,$C54-J$1>0.0208333),"X",IF(AND(K$1-$D54>=0.0208333,$E54-J$1>0.0208333),"X",IF(MROUND($C54,"01:00")=J$1,IF(K$1-$D54+$C54-J$1>=0.02083,"X",""),""))) | K54: =IF(AND(L$1-$B54>=0.0208333,$C54-K$1>0.0208333),"X",IF(AND(L$1-$D54>=0.0208333,$E54-K$1>0.0208333),"X",IF(MROUND($C54,"01:00")=K$1,IF(L$1-$D54+$C54-K$1>=0.02083,"X",""),""))) | L54: =IF(AND(M$1-$B54>=0.0208333,$C54-L$1>0.0208333),"X",IF(AND(M$1-$D54>=0.0208333,$E54-L$1>0.0208333),"X",IF(MROUND($C54,"01:00")=L$1,IF(M$1-$D54+$C54-L$1>=0.02083,"X",""),""))) | M54: =IF(AND(N$1-$B54>=0.0208333,$C54-M$1>0.0208333),"X",IF(AND(N$1-$D54>=0.0208333,$E54-M$1>0.0208333),"X",IF(MROUND($C54,"01:00")=M$1,IF(N$1-$D54+$C54-M$1>=0.02083,"X",""),""))) | N54: =IF(AND(O$1-$B54>=0.0208333,$C54-N$1>0.0208333),"X",IF(AND(O$1-$D54>=0.0208333,$E54-N$1>0.0208333),"X",IF(MROUND($C54,"01:00")=N$1,IF(O$1-$D54+$C54-N$1>=0.02083,"X",""),""))) | O54: =IF(AND(P$1-$B54>=0.0208333,$C54-O$1>0.0208333),"X",IF(AND(P$1-$D54>=0.0208333,$E54-O$1>0.0208333),"X",IF(MROUND($C54,"01:00")=O$1,IF(P$1-$D54+$C54-O$1>=0.02083,"X",""),""))) | P54: =IF(AND(Q$1-$B54>=0.0208333,$C54-P$1>0.0208333),"X",IF(AND(Q$1-$D54>=0.0208333,$E54-P$1>0.0208333),"X",IF(MROUND($C54,"01:00")=P$1,IF(Q$1-$D54+$C54-P$1>=0.02083,"X",""),""))) | ... AF54: =IF(AND(AG$1-$B54>=0.0208333,$C54-AF$1>0.0208333),"X",IF(AND(AG$1-$D54>=0.0208333,$E54-AF$1>0.0208333),"X",IF(MROUND($C54,"01:00")=AF$1,IF(AG$1-$D54+$C54-AF$1>=0.02083,"X",""),"")))
A55: =IF(B55>0,1+A54,"") | B55: =MIN(DOM!AB6:AD6)-G51 -> 0 | C55: =IF(MIN(DOM!AF6:AF12)>0.08333,OFFSET(DOM!AF5,MATCH(MIN(DOM!AF6:AF12),DOM!AF6:AF12,0),-4),MAX(DOM!AC6:AD13)) -> 0 | D55: =IF(MIN(DOM!AF6:AF12)>0.08333,OFFSET(DOM!AF5,MATCH(MIN(DOM!AF6:AF12),DOM!AF6:AF12,0),-2),MIN(DOM!AB19:AD19)) -> 0 | E55: =IF(MIN(DOM!AF6:AF12)>0.08333,MAX(DOM!AC6:AD13),MAX(DOM!AC19:AD26))+G51 -> 0 | F55: =E55-B55 -> 0 | I55: =IF(AND(J$1-$B55>=0.0208333,$C55-I$1>0.0208333),"X",IF(AND(J$1-$D55>=0.0208333,$E55-I$1>0.0208333),"X",IF(MROUND($C55,"01:00")=I$1,IF(J$1-$D55+$C55-I$1>=0.02083,"X",""),""))) | J55: =IF(AND(K$1-$B55>=0.0208333,$C55-J$1>0.0208333),"X",IF(AND(K$1-$D55>=0.0208333,$E55-J$1>0.0208333),"X",IF(MROUND($C55,"01:00")=J$1,IF(K$1-$D55+$C55-J$1>=0.02083,"X",""),""))) | K55: =IF(AND(L$1-$B55>=0.0208333,$C55-K$1>0.0208333),"X",IF(AND(L$1-$D55>=0.0208333,$E55-K$1>0.0208333),"X",IF(MROUND($C55,"01:00")=K$1,IF(L$1-$D55+$C55-K$1>=0.02083,"X",""),""))) | L55: =IF(AND(M$1-$B55>=0.0208333,$C55-L$1>0.0208333),"X",IF(AND(M$1-$D55>=0.0208333,$E55-L$1>0.0208333),"X",IF(MROUND($C55,"01:00")=L$1,IF(M$1-$D55+$C55-L$1>=0.02083,"X",""),""))) | M55: =IF(AND(N$1-$B55>=0.0208333,$C55-M$1>0.0208333),"X",IF(AND(N$1-$D55>=0.0208333,$E55-M$1>0.0208333),"X",IF(MROUND($C55,"01:00")=M$1,IF(N$1-$D55+$C55-M$1>=0.02083,"X",""),""))) | N55: =IF(AND(O$1-$B55>=0.0208333,$C55-N$1>0.0208333),"X",IF(AND(O$1-$D55>=0.0208333,$E55-N$1>0.0208333),"X",IF(MROUND($C55,"01:00")=N$1,IF(O$1-$D55+$C55-N$1>=0.02083,"X",""),""))) | O55: =IF(AND(P$1-$B55>=0.0208333,$C55-O$1>0.0208333),"X",IF(AND(P$1-$D55>=0.0208333,$E55-O$1>0.0208333),"X",IF(MROUND($C55,"01:00")=O$1,IF(P$1-$D55+$C55-O$1>=0.02083,"X",""),""))) | P55: =IF(AND(Q$1-$B55>=0.0208333,$C55-P$1>0.0208333),"X",IF(AND(Q$1-$D55>=0.0208333,$E55-P$1>0.0208333),"X",IF(MROUND($C55,"01:00")=P$1,IF(Q$1-$D55+$C55-P$1>=0.02083,"X",""),""))) | ... AF55: =IF(AND(AG$1-$B55>=0.0208333,$C55-AF$1>0.0208333),"X",IF(AND(AG$1-$D55>=0.0208333,$E55-AF$1>0.0208333),"X",IF(MROUND($C55,"01:00")=AF$1,IF(AG$1-$D55+$C55-AF$1>=0.02083,"X",""),"")))
A56: =IF(B56>0,1+A55,"") | B56: =MIN(DOM!AH6:AJ6)-G51 -> 0 | C56: =IF(MIN(DOM!AL6:AL12)>0.08333,OFFSET(DOM!AL5,MATCH(MIN(DOM!AL6:AL12),DOM!AL6:AL12,0),-4),MAX(DOM!AI6:AJ13)) -> 0 | D56: =IF(MIN(DOM!AL6:AL12)>0.08333,OFFSET(DOM!AL5,MATCH(MIN(DOM!AL6:AL12),DOM!AL6:AL12,0),-2),MIN(DOM!AH19:AJ19)) -> 0 | E56: =IF(MIN(DOM!AL6:AL12)>0.08333,MAX(DOM!AI6:AJ13),MAX(DOM!AI19:AJ26))+G51 -> 0 | F56: =E56-B56 -> 0 | I56: =IF(AND(J$1-$B56>=0.0208333,$C56-I$1>0.0208333),"X",IF(AND(J$1-$D56>=0.0208333,$E56-I$1>0.0208333),"X",IF(MROUND($C56,"01:00")=I$1,IF(J$1-$D56+$C56-I$1>=0.02083,"X",""),""))) | J56: =IF(AND(K$1-$B56>=0.0208333,$C56-J$1>0.0208333),"X",IF(AND(K$1-$D56>=0.0208333,$E56-J$1>0.0208333),"X",IF(MROUND($C56,"01:00")=J$1,IF(K$1-$D56+$C56-J$1>=0.02083,"X",""),""))) | K56: =IF(AND(L$1-$B56>=0.0208333,$C56-K$1>0.0208333),"X",IF(AND(L$1-$D56>=0.0208333,$E56-K$1>0.0208333),"X",IF(MROUND($C56,"01:00")=K$1,IF(L$1-$D56+$C56-K$1>=0.02083,"X",""),""))) | L56: =IF(AND(M$1-$B56>=0.0208333,$C56-L$1>0.0208333),"X",IF(AND(M$1-$D56>=0.0208333,$E56-L$1>0.0208333),"X",IF(MROUND($C56,"01:00")=L$1,IF(M$1-$D56+$C56-L$1>=0.02083,"X",""),""))) | M56: =IF(AND(N$1-$B56>=0.0208333,$C56-M$1>0.0208333),"X",IF(AND(N$1-$D56>=0.0208333,$E56-M$1>0.0208333),"X",IF(MROUND($C56,"01:00")=M$1,IF(N$1-$D56+$C56-M$1>=0.02083,"X",""),""))) | N56: =IF(AND(O$1-$B56>=0.0208333,$C56-N$1>0.0208333),"X",IF(AND(O$1-$D56>=0.0208333,$E56-N$1>0.0208333),"X",IF(MROUND($C56,"01:00")=N$1,IF(O$1-$D56+$C56-N$1>=0.02083,"X",""),""))) | O56: =IF(AND(P$1-$B56>=0.0208333,$C56-O$1>0.0208333),"X",IF(AND(P$1-$D56>=0.0208333,$E56-O$1>0.0208333),"X",IF(MROUND($C56,"01:00")=O$1,IF(P$1-$D56+$C56-O$1>=0.02083,"X",""),""))) | P56: =IF(AND(Q$1-$B56>=0.0208333,$C56-P$1>0.0208333),"X",IF(AND(Q$1-$D56>=0.0208333,$E56-P$1>0.0208333),"X",IF(MROUND($C56,"01:00")=P$1,IF(Q$1-$D56+$C56-P$1>=0.02083,"X",""),""))) | ... AF56: =IF(AND(AG$1-$B56>=0.0208333,$C56-AF$1>0.0208333),"X",IF(AND(AG$1-$D56>=0.0208333,$E56-AF$1>0.0208333),"X",IF(MROUND($C56,"01:00")=AF$1,IF(AG$1-$D56+$C56-AF$1>=0.02083,"X",""),"")))
A57: =IF(B57>0,1+A56,"") | B57: =MIN(DOM!AN6:AP6)-G51 -> 0 | C57: =IF(MIN(DOM!AR6:AR12)>0.08333,OFFSET(DOM!AR5,MATCH(MIN(DOM!AR6:AR12),DOM!AR6:AR12,0),-4),MAX(DOM!AO6:AP13)) -> 0 | D57: =IF(MIN(DOM!AR6:AR12)>0.08333,OFFSET(DOM!AR5,MATCH(MIN(DOM!AR6:AR12),DOM!AR6:AR12,0),-2),MIN(DOM!AN19:AP19)) -> 0 | E57: =IF(MIN(DOM!AR6:AR12)>0.08333,MAX(DOM!AO6:AP13),MAX(DOM!AO19:AP26))+G51 -> 0 | F57: =E57-B57 -> 0 | I57: =IF(AND(J$1-$B57>=0.0208333,$C57-I$1>0.0208333),"X",IF(AND(J$1-$D57>=0.0208333,$E57-I$1>0.0208333),"X",IF(MROUND($C57,"01:00")=I$1,IF(J$1-$D57+$C57-I$1>=0.02083,"X",""),""))) | J57: =IF(AND(K$1-$B57>=0.0208333,$C57-J$1>0.0208333),"X",IF(AND(K$1-$D57>=0.0208333,$E57-J$1>0.0208333),"X",IF(MROUND($C57,"01:00")=J$1,IF(K$1-$D57+$C57-J$1>=0.02083,"X",""),""))) | K57: =IF(AND(L$1-$B57>=0.0208333,$C57-K$1>0.0208333),"X",IF(AND(L$1-$D57>=0.0208333,$E57-K$1>0.0208333),"X",IF(MROUND($C57,"01:00")=K$1,IF(L$1-$D57+$C57-K$1>=0.02083,"X",""),""))) | L57: =IF(AND(M$1-$B57>=0.0208333,$C57-L$1>0.0208333),"X",IF(AND(M$1-$D57>=0.0208333,$E57-L$1>0.0208333),"X",IF(MROUND($C57,"01:00")=L$1,IF(M$1-$D57+$C57-L$1>=0.02083,"X",""),""))) | M57: =IF(AND(N$1-$B57>=0.0208333,$C57-M$1>0.0208333),"X",IF(AND(N$1-$D57>=0.0208333,$E57-M$1>0.0208333),"X",IF(MROUND($C57,"01:00")=M$1,IF(N$1-$D57+$C57-M$1>=0.02083,"X",""),""))) | N57: =IF(AND(O$1-$B57>=0.0208333,$C57-N$1>0.0208333),"X",IF(AND(O$1-$D57>=0.0208333,$E57-N$1>0.0208333),"X",IF(MROUND($C57,"01:00")=N$1,IF(O$1-$D57+$C57-N$1>=0.02083,"X",""),""))) | O57: =IF(AND(P$1-$B57>=0.0208333,$C57-O$1>0.0208333),"X",IF(AND(P$1-$D57>=0.0208333,$E57-O$1>0.0208333),"X",IF(MROUND($C57,"01:00")=O$1,IF(P$1-$D57+$C57-O$1>=0.02083,"X",""),""))) | P57: =IF(AND(Q$1-$B57>=0.0208333,$C57-P$1>0.0208333),"X",IF(AND(Q$1-$D57>=0.0208333,$E57-P$1>0.0208333),"X",IF(MROUND($C57,"01:00")=P$1,IF(Q$1-$D57+$C57-P$1>=0.02083,"X",""),""))) | ... AF57: =IF(AND(AG$1-$B57>=0.0208333,$C57-AF$1>0.0208333),"X",IF(AND(AG$1-$D57>=0.0208333,$E57-AF$1>0.0208333),"X",IF(MROUND($C57,"01:00")=AF$1,IF(AG$1-$D57+$C57-AF$1>=0.02083,"X",""),"")))
A58: =IF(B58>0,1+A57,"") | B58: =MIN(DOM!AT6:AV6)-G51 -> 0 | C58: =IF(MIN(DOM!AX6:AX12)>0.08333,OFFSET(DOM!AX5,MATCH(MIN(DOM!AX6:AX12),DOM!AX6:AX12,0),-4),MAX(DOM!AU6:AV13)) -> 0 | D58: =IF(MIN(DOM!AX6:AX12)>0.08333,OFFSET(DOM!AX5,MATCH(MIN(DOM!AX6:AX12),DOM!AX6:AX12,0),-2),MIN(DOM!AT19:AV19)) -> 0 | E58: =IF(MIN(DOM!AX6:AX12)>0.08333,MAX(DOM!AU6:AV13),MAX(DOM!AU19:AV26))+G51 -> 0 | F58: =E58-B58 -> 0 | I58: =IF(AND(J$1-$B58>=0.0208333,$C58-I$1>0.0208333),"X",IF(AND(J$1-$D58>=0.0208333,$E58-I$1>0.0208333),"X",IF(MROUND($C58,"01:00")=I$1,IF(J$1-$D58+$C58-I$1>=0.02083,"X",""),""))) | J58: =IF(AND(K$1-$B58>=0.0208333,$C58-J$1>0.0208333),"X",IF(AND(K$1-$D58>=0.0208333,$E58-J$1>0.0208333),"X",IF(MROUND($C58,"01:00")=J$1,IF(K$1-$D58+$C58-J$1>=0.02083,"X",""),""))) | K58: =IF(AND(L$1-$B58>=0.0208333,$C58-K$1>0.0208333),"X",IF(AND(L$1-$D58>=0.0208333,$E58-K$1>0.0208333),"X",IF(MROUND($C58,"01:00")=K$1,IF(L$1-$D58+$C58-K$1>=0.02083,"X",""),""))) | L58: =IF(AND(M$1-$B58>=0.0208333,$C58-L$1>0.0208333),"X",IF(AND(M$1-$D58>=0.0208333,$E58-L$1>0.0208333),"X",IF(MROUND($C58,"01:00")=L$1,IF(M$1-$D58+$C58-L$1>=0.02083,"X",""),""))) | M58: =IF(AND(N$1-$B58>=0.0208333,$C58-M$1>0.0208333),"X",IF(AND(N$1-$D58>=0.0208333,$E58-M$1>0.0208333),"X",IF(MROUND($C58,"01:00")=M$1,IF(N$1-$D58+$C58-M$1>=0.02083,"X",""),""))) | N58: =IF(AND(O$1-$B58>=0.0208333,$C58-N$1>0.0208333),"X",IF(AND(O$1-$D58>=0.0208333,$E58-N$1>0.0208333),"X",IF(MROUND($C58,"01:00")=N$1,IF(O$1-$D58+$C58-N$1>=0.02083,"X",""),""))) | O58: =IF(AND(P$1-$B58>=0.0208333,$C58-O$1>0.0208333),"X",IF(AND(P$1-$D58>=0.0208333,$E58-O$1>0.0208333),"X",IF(MROUND($C58,"01:00")=O$1,IF(P$1-$D58+$C58-O$1>=0.02083,"X",""),""))) | P58: =IF(AND(Q$1-$B58>=0.0208333,$C58-P$1>0.0208333),"X",IF(AND(Q$1-$D58>=0.0208333,$E58-P$1>0.0208333),"X",IF(MROUND($C58,"01:00")=P$1,IF(Q$1-$D58+$C58-P$1>=0.02083,"X",""),""))) | ... AF58: =IF(AND(AG$1-$B58>=0.0208333,$C58-AF$1>0.0208333),"X",IF(AND(AG$1-$D58>=0.0208333,$E58-AF$1>0.0208333),"X",IF(MROUND($C58,"01:00")=AF$1,IF(AG$1-$D58+$C58-AF$1>=0.02083,"X",""),"")))
A59: =IF(B59>0,1+A58,"") | B59: =MIN(DOM!AZ6:BB6)-G51 -> 0 | C59: =IF(MIN(DOM!BD6:BD12)>0.08333,OFFSET(DOM!BD5,MATCH(MIN(DOM!BD6:BD12),DOM!BD6:BD12,0),-4),MAX(DOM!BA6:BB13)) -> 0 | D59: =IF(MIN(DOM!BD6:BD12)>0.08333,OFFSET(DOM!BD5,MATCH(MIN(DOM!BD6:BD12),DOM!BD6:BD12,0),-2),MIN(DOM!AZ19:BB19)) -> 0 | E59: =IF(MIN(DOM!BD6:BD12)>0.08333,MAX(DOM!BA6:BB13),MAX(DOM!BA19:BB26))+G51 -> 0 | F59: =E59-B59 -> 0 | I59: =IF(AND(J$1-$B59>=0.0208333,$C59-I$1>0.0208333),"X",IF(AND(J$1-$D59>=0.0208333,$E59-I$1>0.0208333),"X",IF(MROUND($C59,"01:00")=I$1,IF(J$1-$D59+$C59-I$1>=0.02083,"X",""),""))) | J59: =IF(AND(K$1-$B59>=0.0208333,$C59-J$1>0.0208333),"X",IF(AND(K$1-$D59>=0.0208333,$E59-J$1>0.0208333),"X",IF(MROUND($C59,"01:00")=J$1,IF(K$1-$D59+$C59-J$1>=0.02083,"X",""),""))) | K59: =IF(AND(L$1-$B59>=0.0208333,$C59-K$1>0.0208333),"X",IF(AND(L$1-$D59>=0.0208333,$E59-K$1>0.0208333),"X",IF(MROUND($C59,"01:00")=K$1,IF(L$1-$D59+$C59-K$1>=0.02083,"X",""),""))) | L59: =IF(AND(M$1-$B59>=0.0208333,$C59-L$1>0.0208333),"X",IF(AND(M$1-$D59>=0.0208333,$E59-L$1>0.0208333),"X",IF(MROUND($C59,"01:00")=L$1,IF(M$1-$D59+$C59-L$1>=0.02083,"X",""),""))) | M59: =IF(AND(N$1-$B59>=0.0208333,$C59-M$1>0.0208333),"X",IF(AND(N$1-$D59>=0.0208333,$E59-M$1>0.0208333),"X",IF(MROUND($C59,"01:00")=M$1,IF(N$1-$D59+$C59-M$1>=0.02083,"X",""),""))) | N59: =IF(AND(O$1-$B59>=0.0208333,$C59-N$1>0.0208333),"X",IF(AND(O$1-$D59>=0.0208333,$E59-N$1>0.0208333),"X",IF(MROUND($C59,"01:00")=N$1,IF(O$1-$D59+$C59-N$1>=0.02083,"X",""),""))) | O59: =IF(AND(P$1-$B59>=0.0208333,$C59-O$1>0.0208333),"X",IF(AND(P$1-$D59>=0.0208333,$E59-O$1>0.0208333),"X",IF(MROUND($C59,"01:00")=O$1,IF(P$1-$D59+$C59-O$1>=0.02083,"X",""),""))) | P59: =IF(AND(Q$1-$B59>=0.0208333,$C59-P$1>0.0208333),"X",IF(AND(Q$1-$D59>=0.0208333,$E59-P$1>0.0208333),"X",IF(MROUND($C59,"01:00")=P$1,IF(Q$1-$D59+$C59-P$1>=0.02083,"X",""),""))) | ... AF59: =IF(AND(AG$1-$B59>=0.0208333,$C59-AF$1>0.0208333),"X",IF(AND(AG$1-$D59>=0.0208333,$E59-AF$1>0.0208333),"X",IF(MROUND($C59,"01:00")=AF$1,IF(AG$1-$D59+$C59-AF$1>=0.02083,"X",""),"")))
A60: =IF(B60>0,1+A59,"") | B60: =MIN(DOM!BF6:BH6)-G51 -> 0 | C60: =IF(MIN(DOM!BJ6:BJ12)>0.08333,OFFSET(DOM!BJ5,MATCH(MIN(DOM!BJ6:BJ12),DOM!BJ6:BJ12,0),-4),MAX(DOM!BG6:BH13)) -> 0 | D60: =IF(MIN(DOM!BJ6:BJ12)>0.08333,OFFSET(DOM!BJ5,MATCH(MIN(DOM!BJ6:BJ12),DOM!BJ6:BJ12,0),-2),MIN(DOM!BF19:BH19)) -> 0 | E60: =IF(MIN(DOM!BJ6:BJ12)>0.08333,MAX(DOM!BG6:BH13),MAX(DOM!BG19:BH26))+G51 -> 0 | F60: =E60-B60 -> 0 | I60: =IF(AND(J$1-$B60>=0.0208333,$C60-I$1>0.0208333),"X",IF(AND(J$1-$D60>=0.0208333,$E60-I$1>0.0208333),"X",IF(MROUND($C60,"01:00")=I$1,IF(J$1-$D60+$C60-I$1>=0.02083,"X",""),""))) | J60: =IF(AND(K$1-$B60>=0.0208333,$C60-J$1>0.0208333),"X",IF(AND(K$1-$D60>=0.0208333,$E60-J$1>0.0208333),"X",IF(MROUND($C60,"01:00")=J$1,IF(K$1-$D60+$C60-J$1>=0.02083,"X",""),""))) | K60: =IF(AND(L$1-$B60>=0.0208333,$C60-K$1>0.0208333),"X",IF(AND(L$1-$D60>=0.0208333,$E60-K$1>0.0208333),"X",IF(MROUND($C60,"01:00")=K$1,IF(L$1-$D60+$C60-K$1>=0.02083,"X",""),""))) | L60: =IF(AND(M$1-$B60>=0.0208333,$C60-L$1>0.0208333),"X",IF(AND(M$1-$D60>=0.0208333,$E60-L$1>0.0208333),"X",IF(MROUND($C60,"01:00")=L$1,IF(M$1-$D60+$C60-L$1>=0.02083,"X",""),""))) | M60: =IF(AND(N$1-$B60>=0.0208333,$C60-M$1>0.0208333),"X",IF(AND(N$1-$D60>=0.0208333,$E60-M$1>0.0208333),"X",IF(MROUND($C60,"01:00")=M$1,IF(N$1-$D60+$C60-M$1>=0.02083,"X",""),""))) | N60: =IF(AND(O$1-$B60>=0.0208333,$C60-N$1>0.0208333),"X",IF(AND(O$1-$D60>=0.0208333,$E60-N$1>0.0208333),"X",IF(MROUND($C60,"01:00")=N$1,IF(O$1-$D60+$C60-N$1>=0.02083,"X",""),""))) | O60: =IF(AND(P$1-$B60>=0.0208333,$C60-O$1>0.0208333),"X",IF(AND(P$1-$D60>=0.0208333,$E60-O$1>0.0208333),"X",IF(MROUND($C60,"01:00")=O$1,IF(P$1-$D60+$C60-O$1>=0.02083,"X",""),""))) | P60: =IF(AND(Q$1-$B60>=0.0208333,$C60-P$1>0.0208333),"X",IF(AND(Q$1-$D60>=0.0208333,$E60-P$1>0.0208333),"X",IF(MROUND($C60,"01:00")=P$1,IF(Q$1-$D60+$C60-P$1>=0.02083,"X",""),""))) | ... AF60: =IF(AND(AG$1-$B60>=0.0208333,$C60-AF$1>0.0208333),"X",IF(AND(AG$1-$D60>=0.0208333,$E60-AF$1>0.0208333),"X",IF(MROUND($C60,"01:00")=AF$1,IF(AG$1-$D60+$C60-AF$1>=0.02083,"X",""),"")))
A61: =IF(B61>0,1+A60,"") | B61: =MIN(DOM!BL6:BN6)-G51 -> 0 | C61: =IF(MIN(DOM!BP6:BP12)>0.08333,OFFSET(DOM!BP5,MATCH(MIN(DOM!BP6:BP12),DOM!BP6:BP12,0),-4),MAX(DOM!BM6:BN13)) -> 0 | D61: =IF(MIN(DOM!BP6:BP12)>0.08333,OFFSET(DOM!BP5,MATCH(MIN(DOM!BP6:BP12),DOM!BP6:BP12,0),-2),MIN(DOM!BL19:BN19)) -> 0 | E61: =IF(MIN(DOM!BP6:BP12)>0.08333,MAX(DOM!BM6:BN13),MAX(DOM!BM19:BN26))+G51 -> 0 | F61: =E61-B61 -> 0 | I61: =IF(AND(J$1-$B61>=0.0208333,$C61-I$1>0.0208333),"X",IF(AND(J$1-$D61>=0.0208333,$E61-I$1>0.0208333),"X",IF(MROUND($C61,"01:00")=I$1,IF(J$1-$D61+$C61-I$1>=0.02083,"X",""),""))) | J61: =IF(AND(K$1-$B61>=0.0208333,$C61-J$1>0.0208333),"X",IF(AND(K$1-$D61>=0.0208333,$E61-J$1>0.0208333),"X",IF(MROUND($C61,"01:00")=J$1,IF(K$1-$D61+$C61-J$1>=0.02083,"X",""),""))) | K61: =IF(AND(L$1-$B61>=0.0208333,$C61-K$1>0.0208333),"X",IF(AND(L$1-$D61>=0.0208333,$E61-K$1>0.0208333),"X",IF(MROUND($C61,"01:00")=K$1,IF(L$1-$D61+$C61-K$1>=0.02083,"X",""),""))) | L61: =IF(AND(M$1-$B61>=0.0208333,$C61-L$1>0.0208333),"X",IF(AND(M$1-$D61>=0.0208333,$E61-L$1>0.0208333),"X",IF(MROUND($C61,"01:00")=L$1,IF(M$1-$D61+$C61-L$1>=0.02083,"X",""),""))) | M61: =IF(AND(N$1-$B61>=0.0208333,$C61-M$1>0.0208333),"X",IF(AND(N$1-$D61>=0.0208333,$E61-M$1>0.0208333),"X",IF(MROUND($C61,"01:00")=M$1,IF(N$1-$D61+$C61-M$1>=0.02083,"X",""),""))) | N61: =IF(AND(O$1-$B61>=0.0208333,$C61-N$1>0.0208333),"X",IF(AND(O$1-$D61>=0.0208333,$E61-N$1>0.0208333),"X",IF(MROUND($C61,"01:00")=N$1,IF(O$1-$D61+$C61-N$1>=0.02083,"X",""),""))) | O61: =IF(AND(P$1-$B61>=0.0208333,$C61-O$1>0.0208333),"X",IF(AND(P$1-$D61>=0.0208333,$E61-O$1>0.0208333),"X",IF(MROUND($C61,"01:00")=O$1,IF(P$1-$D61+$C61-O$1>=0.02083,"X",""),""))) | P61: =IF(AND(Q$1-$B61>=0.0208333,$C61-P$1>0.0208333),"X",IF(AND(Q$1-$D61>=0.0208333,$E61-P$1>0.0208333),"X",IF(MROUND($C61,"01:00")=P$1,IF(Q$1-$D61+$C61-P$1>=0.02083,"X",""),""))) | ... AF61: =IF(AND(AG$1-$B61>=0.0208333,$C61-AF$1>0.0208333),"X",IF(AND(AG$1-$D61>=0.0208333,$E61-AF$1>0.0208333),"X",IF(MROUND($C61,"01:00")=AF$1,IF(AG$1-$D61+$C61-AF$1>=0.02083,"X",""),"")))
A62: =IF(B62>0,1+A61,"") | B62: =MIN(DOM!BR6:BT6)-G51 -> 0 | C62: =IF(MIN(DOM!BV6:BV12)>0.08333,OFFSET(DOM!BV5,MATCH(MIN(DOM!BV6:BV12),DOM!BV6:BV12,0),-4),MAX(DOM!BS6:BT13)) -> 0 | D62: =IF(MIN(DOM!BV6:BV12)>0.08333,OFFSET(DOM!BV5,MATCH(MIN(DOM!BV6:BV12),DOM!BV6:BV12,0),-2),MIN(DOM!BR19:BT19)) -> 0 | E62: =IF(MIN(DOM!BV6:BV12)>0.08333,MAX(DOM!BS6:BT13),MAX(DOM!BS19:BT26))+G51 -> 0 | F62: =E62-B62 -> 0 | I62: =IF(AND(J$1-$B62>=0.0208333,$C62-I$1>0.0208333),"X",IF(AND(J$1-$D62>=0.0208333,$E62-I$1>0.0208333),"X",IF(MROUND($C62,"01:00")=I$1,IF(J$1-$D62+$C62-I$1>=0.02083,"X",""),""))) | J62: =IF(AND(K$1-$B62>=0.0208333,$C62-J$1>0.0208333),"X",IF(AND(K$1-$D62>=0.0208333,$E62-J$1>0.0208333),"X",IF(MROUND($C62,"01:00")=J$1,IF(K$1-$D62+$C62-J$1>=0.02083,"X",""),""))) | K62: =IF(AND(L$1-$B62>=0.0208333,$C62-K$1>0.0208333),"X",IF(AND(L$1-$D62>=0.0208333,$E62-K$1>0.0208333),"X",IF(MROUND($C62,"01:00")=K$1,IF(L$1-$D62+$C62-K$1>=0.02083,"X",""),""))) | L62: =IF(AND(M$1-$B62>=0.0208333,$C62-L$1>0.0208333),"X",IF(AND(M$1-$D62>=0.0208333,$E62-L$1>0.0208333),"X",IF(MROUND($C62,"01:00")=L$1,IF(M$1-$D62+$C62-L$1>=0.02083,"X",""),""))) | M62: =IF(AND(N$1-$B62>=0.0208333,$C62-M$1>0.0208333),"X",IF(AND(N$1-$D62>=0.0208333,$E62-M$1>0.0208333),"X",IF(MROUND($C62,"01:00")=M$1,IF(N$1-$D62+$C62-M$1>=0.02083,"X",""),""))) | N62: =IF(AND(O$1-$B62>=0.0208333,$C62-N$1>0.0208333),"X",IF(AND(O$1-$D62>=0.0208333,$E62-N$1>0.0208333),"X",IF(MROUND($C62,"01:00")=N$1,IF(O$1-$D62+$C62-N$1>=0.02083,"X",""),""))) | O62: =IF(AND(P$1-$B62>=0.0208333,$C62-O$1>0.0208333),"X",IF(AND(P$1-$D62>=0.0208333,$E62-O$1>0.0208333),"X",IF(MROUND($C62,"01:00")=O$1,IF(P$1-$D62+$C62-O$1>=0.02083,"X",""),""))) | P62: =IF(AND(Q$1-$B62>=0.0208333,$C62-P$1>0.0208333),"X",IF(AND(Q$1-$D62>=0.0208333,$E62-P$1>0.0208333),"X",IF(MROUND($C62,"01:00")=P$1,IF(Q$1-$D62+$C62-P$1>=0.02083,"X",""),""))) | ... AF62: =IF(AND(AG$1-$B62>=0.0208333,$C62-AF$1>0.0208333),"X",IF(AND(AG$1-$D62>=0.0208333,$E62-AF$1>0.0208333),"X",IF(MROUND($C62,"01:00")=AF$1,IF(AG$1-$D62+$C62-AF$1>=0.02083,"X",""),"")))
A63: =IF(B63>0,1+A62,"") | B63: =MIN(DOM!BX6:BZ6)-G51 -> 0 | C63: =IF(MIN(DOM!CB6:CB12)>0.08333,OFFSET(DOM!CB5,MATCH(MIN(DOM!CB6:CB12),DOM!CB6:CB12,0),-4),MAX(DOM!BY6:BZ13)) -> 0 | D63: =IF(MIN(DOM!CB6:CB12)>0.08333,OFFSET(DOM!CB5,MATCH(MIN(DOM!CB6:CB12),DOM!CB6:CB12,0),-2),MIN(DOM!BX19:BZ19)) -> 0 | E63: =IF(MIN(DOM!CB6:CB12)>0.08333,MAX(DOM!BY6:BZ13),MAX(DOM!BY19:BZ26))+G51 -> 0 | F63: =E63-B63 -> 0 | I63: =IF(AND(J$1-$B63>=0.0208333,$C63-I$1>0.0208333),"X",IF(AND(J$1-$D63>=0.0208333,$E63-I$1>0.0208333),"X",IF(MROUND($C63,"01:00")=I$1,IF(J$1-$D63+$C63-I$1>=0.02083,"X",""),""))) | J63: =IF(AND(K$1-$B63>=0.0208333,$C63-J$1>0.0208333),"X",IF(AND(K$1-$D63>=0.0208333,$E63-J$1>0.0208333),"X",IF(MROUND($C63,"01:00")=J$1,IF(K$1-$D63+$C63-J$1>=0.02083,"X",""),""))) | K63: =IF(AND(L$1-$B63>=0.0208333,$C63-K$1>0.0208333),"X",IF(AND(L$1-$D63>=0.0208333,$E63-K$1>0.0208333),"X",IF(MROUND($C63,"01:00")=K$1,IF(L$1-$D63+$C63-K$1>=0.02083,"X",""),""))) | L63: =IF(AND(M$1-$B63>=0.0208333,$C63-L$1>0.0208333),"X",IF(AND(M$1-$D63>=0.0208333,$E63-L$1>0.0208333),"X",IF(MROUND($C63,"01:00")=L$1,IF(M$1-$D63+$C63-L$1>=0.02083,"X",""),""))) | M63: =IF(AND(N$1-$B63>=0.0208333,$C63-M$1>0.0208333),"X",IF(AND(N$1-$D63>=0.0208333,$E63-M$1>0.0208333),"X",IF(MROUND($C63,"01:00")=M$1,IF(N$1-$D63+$C63-M$1>=0.02083,"X",""),""))) | N63: =IF(AND(O$1-$B63>=0.0208333,$C63-N$1>0.0208333),"X",IF(AND(O$1-$D63>=0.0208333,$E63-N$1>0.0208333),"X",IF(MROUND($C63,"01:00")=N$1,IF(O$1-$D63+$C63-N$1>=0.02083,"X",""),""))) | O63: =IF(AND(P$1-$B63>=0.0208333,$C63-O$1>0.0208333),"X",IF(AND(P$1-$D63>=0.0208333,$E63-O$1>0.0208333),"X",IF(MROUND($C63,"01:00")=O$1,IF(P$1-$D63+$C63-O$1>=0.02083,"X",""),""))) | P63: =IF(AND(Q$1-$B63>=0.0208333,$C63-P$1>0.0208333),"X",IF(AND(Q$1-$D63>=0.0208333,$E63-P$1>0.0208333),"X",IF(MROUND($C63,"01:00")=P$1,IF(Q$1-$D63+$C63-P$1>=0.02083,"X",""),""))) | ... AF63: =IF(AND(AG$1-$B63>=0.0208333,$C63-AF$1>0.0208333),"X",IF(AND(AG$1-$D63>=0.0208333,$E63-AF$1>0.0208333),"X",IF(MROUND($C63,"01:00")=AF$1,IF(AG$1-$D63+$C63-AF$1>=0.02083,"X",""),"")))
A64: =IF(B64>0,1+A63,"") | B64: =MIN(DOM!CD6:CF6)-G51 -> 0 | C64: =IF(MIN(DOM!CH6:CH12)>0.08333,OFFSET(DOM!CH5,MATCH(MIN(DOM!CH6:CH12),DOM!CH6:CH12,0),-4),MAX(DOM!CE6:CF13)) -> 0 | D64: =IF(MIN(DOM!CH6:CH12)>0.08333,OFFSET(DOM!CH5,MATCH(MIN(DOM!CH6:CH12),DOM!CH6:CH12,0),-2),MIN(DOM!CD19:CF19)) -> 0 | E64: =IF(MIN(DOM!CH6:CH12)>0.08333,MAX(DOM!CE6:CF13),MAX(DOM!CE19:CF26))+G51 -> 0 | F64: =E64-B64 -> 0 | I64: =IF(AND(J$1-$B64>=0.0208333,$C64-I$1>0.0208333),"X",IF(AND(J$1-$D64>=0.0208333,$E64-I$1>0.0208333),"X",IF(MROUND($C64,"01:00")=I$1,IF(J$1-$D64+$C64-I$1>=0.02083,"X",""),""))) | J64: =IF(AND(K$1-$B64>=0.0208333,$C64-J$1>0.0208333),"X",IF(AND(K$1-$D64>=0.0208333,$E64-J$1>0.0208333),"X",IF(MROUND($C64,"01:00")=J$1,IF(K$1-$D64+$C64-J$1>=0.02083,"X",""),""))) | K64: =IF(AND(L$1-$B64>=0.0208333,$C64-K$1>0.0208333),"X",IF(AND(L$1-$D64>=0.0208333,$E64-K$1>0.0208333),"X",IF(MROUND($C64,"01:00")=K$1,IF(L$1-$D64+$C64-K$1>=0.02083,"X",""),""))) | L64: =IF(AND(M$1-$B64>=0.0208333,$C64-L$1>0.0208333),"X",IF(AND(M$1-$D64>=0.0208333,$E64-L$1>0.0208333),"X",IF(MROUND($C64,"01:00")=L$1,IF(M$1-$D64+$C64-L$1>=0.02083,"X",""),""))) | M64: =IF(AND(N$1-$B64>=0.0208333,$C64-M$1>0.0208333),"X",IF(AND(N$1-$D64>=0.0208333,$E64-M$1>0.0208333),"X",IF(MROUND($C64,"01:00")=M$1,IF(N$1-$D64+$C64-M$1>=0.02083,"X",""),""))) | N64: =IF(AND(O$1-$B64>=0.0208333,$C64-N$1>0.0208333),"X",IF(AND(O$1-$D64>=0.0208333,$E64-N$1>0.0208333),"X",IF(MROUND($C64,"01:00")=N$1,IF(O$1-$D64+$C64-N$1>=0.02083,"X",""),""))) | O64: =IF(AND(P$1-$B64>=0.0208333,$C64-O$1>0.0208333),"X",IF(AND(P$1-$D64>=0.0208333,$E64-O$1>0.0208333),"X",IF(MROUND($C64,"01:00")=O$1,IF(P$1-$D64+$C64-O$1>=0.02083,"X",""),""))) | P64: =IF(AND(Q$1-$B64>=0.0208333,$C64-P$1>0.0208333),"X",IF(AND(Q$1-$D64>=0.0208333,$E64-P$1>0.0208333),"X",IF(MROUND($C64,"01:00")=P$1,IF(Q$1-$D64+$C64-P$1>=0.02083,"X",""),""))) | ... AF64: =IF(AND(AG$1-$B64>=0.0208333,$C64-AF$1>0.0208333),"X",IF(AND(AG$1-$D64>=0.0208333,$E64-AF$1>0.0208333),"X",IF(MROUND($C64,"01:00")=AF$1,IF(AG$1-$D64+$C64-AF$1>=0.02083,"X",""),"")))
A65: =IF(B65>0,1+A64,"") | B65: =MIN(DOM!CJ6:CL6)-G51 -> 0 | C65: =IF(MIN(DOM!CN6:CN12)>0.08333,OFFSET(DOM!CN5,MATCH(MIN(DOM!CN6:CN12),DOM!CN6:CN12,0),-4),MAX(DOM!CK6:CL13)) -> 0 | D65: =IF(MIN(DOM!CN6:CN12)>0.08333,OFFSET(DOM!CN5,MATCH(MIN(DOM!CN6:CN12),DOM!CN6:CN12,0),-2),MIN(DOM!CJ19:CL19)) -> 0 | E65: =IF(MIN(DOM!CN6:CN12)>0.08333,MAX(DOM!CK6:CL13),MAX(DOM!CK19:CL26))+G51 -> 0 | F65: =E65-B65 -> 0 | I65: =IF(AND(J$1-$B65>=0.0208333,$C65-I$1>0.0208333),"X",IF(AND(J$1-$D65>=0.0208333,$E65-I$1>0.0208333),"X",IF(MROUND($C65,"01:00")=I$1,IF(J$1-$D65+$C65-I$1>=0.02083,"X",""),""))) | J65: =IF(AND(K$1-$B65>=0.0208333,$C65-J$1>0.0208333),"X",IF(AND(K$1-$D65>=0.0208333,$E65-J$1>0.0208333),"X",IF(MROUND($C65,"01:00")=J$1,IF(K$1-$D65+$C65-J$1>=0.02083,"X",""),""))) | K65: =IF(AND(L$1-$B65>=0.0208333,$C65-K$1>0.0208333),"X",IF(AND(L$1-$D65>=0.0208333,$E65-K$1>0.0208333),"X",IF(MROUND($C65,"01:00")=K$1,IF(L$1-$D65+$C65-K$1>=0.02083,"X",""),""))) | L65: =IF(AND(M$1-$B65>=0.0208333,$C65-L$1>0.0208333),"X",IF(AND(M$1-$D65>=0.0208333,$E65-L$1>0.0208333),"X",IF(MROUND($C65,"01:00")=L$1,IF(M$1-$D65+$C65-L$1>=0.02083,"X",""),""))) | M65: =IF(AND(N$1-$B65>=0.0208333,$C65-M$1>0.0208333),"X",IF(AND(N$1-$D65>=0.0208333,$E65-M$1>0.0208333),"X",IF(MROUND($C65,"01:00")=M$1,IF(N$1-$D65+$C65-M$1>=0.02083,"X",""),""))) | N65: =IF(AND(O$1-$B65>=0.0208333,$C65-N$1>0.0208333),"X",IF(AND(O$1-$D65>=0.0208333,$E65-N$1>0.0208333),"X",IF(MROUND($C65,"01:00")=N$1,IF(O$1-$D65+$C65-N$1>=0.02083,"X",""),""))) | O65: =IF(AND(P$1-$B65>=0.0208333,$C65-O$1>0.0208333),"X",IF(AND(P$1-$D65>=0.0208333,$E65-O$1>0.0208333),"X",IF(MROUND($C65,"01:00")=O$1,IF(P$1-$D65+$C65-O$1>=0.02083,"X",""),""))) | P65: =IF(AND(Q$1-$B65>=0.0208333,$C65-P$1>0.0208333),"X",IF(AND(Q$1-$D65>=0.0208333,$E65-P$1>0.0208333),"X",IF(MROUND($C65,"01:00")=P$1,IF(Q$1-$D65+$C65-P$1>=0.02083,"X",""),""))) | ... AF65: =IF(AND(AG$1-$B65>=0.0208333,$C65-AF$1>0.0208333),"X",IF(AND(AG$1-$D65>=0.0208333,$E65-AF$1>0.0208333),"X",IF(MROUND($C65,"01:00")=AF$1,IF(AG$1-$D65+$C65-AF$1>=0.02083,"X",""),"")))
A66: =IF(B66>0,1+A65,"") | B66: =MIN(DOM!CP6:CR6)-G51 -> 0 | C66: =IF(MIN(DOM!CT6:CT12)>0.08333,OFFSET(DOM!CT5,MATCH(MIN(DOM!CT6:CT12),DOM!CT6:CT12,0),-4),MAX(DOM!CQ6:CR13)) -> 0 | D66: =IF(MIN(DOM!CT6:CT12)>0.08333,OFFSET(DOM!CT5,MATCH(MIN(DOM!CT6:CT12),DOM!CT6:CT12,0),-2),MIN(DOM!CP19:CR19)) -> 0 | E66: =IF(MIN(DOM!CT6:CT12)>0.08333,MAX(DOM!CQ6:CR13),MAX(DOM!CQ19:CR26))+G51 -> 0 | F66: =E66-B66 -> 0 | I66: =IF(AND(J$1-$B66>=0.0208333,$C66-I$1>0.0208333),"X",IF(AND(J$1-$D66>=0.0208333,$E66-I$1>0.0208333),"X",IF(MROUND($C66,"01:00")=I$1,IF(J$1-$D66+$C66-I$1>=0.02083,"X",""),""))) | J66: =IF(AND(K$1-$B66>=0.0208333,$C66-J$1>0.0208333),"X",IF(AND(K$1-$D66>=0.0208333,$E66-J$1>0.0208333),"X",IF(MROUND($C66,"01:00")=J$1,IF(K$1-$D66+$C66-J$1>=0.02083,"X",""),""))) | K66: =IF(AND(L$1-$B66>=0.0208333,$C66-K$1>0.0208333),"X",IF(AND(L$1-$D66>=0.0208333,$E66-K$1>0.0208333),"X",IF(MROUND($C66,"01:00")=K$1,IF(L$1-$D66+$C66-K$1>=0.02083,"X",""),""))) | L66: =IF(AND(M$1-$B66>=0.0208333,$C66-L$1>0.0208333),"X",IF(AND(M$1-$D66>=0.0208333,$E66-L$1>0.0208333),"X",IF(MROUND($C66,"01:00")=L$1,IF(M$1-$D66+$C66-L$1>=0.02083,"X",""),""))) | M66: =IF(AND(N$1-$B66>=0.0208333,$C66-M$1>0.0208333),"X",IF(AND(N$1-$D66>=0.0208333,$E66-M$1>0.0208333),"X",IF(MROUND($C66,"01:00")=M$1,IF(N$1-$D66+$C66-M$1>=0.02083,"X",""),""))) | N66: =IF(AND(O$1-$B66>=0.0208333,$C66-N$1>0.0208333),"X",IF(AND(O$1-$D66>=0.0208333,$E66-N$1>0.0208333),"X",IF(MROUND($C66,"01:00")=N$1,IF(O$1-$D66+$C66-N$1>=0.02083,"X",""),""))) | O66: =IF(AND(P$1-$B66>=0.0208333,$C66-O$1>0.0208333),"X",IF(AND(P$1-$D66>=0.0208333,$E66-O$1>0.0208333),"X",IF(MROUND($C66,"01:00")=O$1,IF(P$1-$D66+$C66-O$1>=0.02083,"X",""),""))) | P66: =IF(AND(Q$1-$B66>=0.0208333,$C66-P$1>0.0208333),"X",IF(AND(Q$1-$D66>=0.0208333,$E66-P$1>0.0208333),"X",IF(MROUND($C66,"01:00")=P$1,IF(Q$1-$D66+$C66-P$1>=0.02083,"X",""),""))) | ... AF66: =IF(AND(AG$1-$B66>=0.0208333,$C66-AF$1>0.0208333),"X",IF(AND(AG$1-$D66>=0.0208333,$E66-AF$1>0.0208333),"X",IF(MROUND($C66,"01:00")=AF$1,IF(AG$1-$D66+$C66-AF$1>=0.02083,"X",""),"")))
A67: =IF(B67>0,1+A66,"") | B67: =MIN(DOM!CV6:CX6)-G51 -> 0 | C67: =IF(MIN(DOM!CZ6:CZ12)>0.08333,OFFSET(DOM!CZ5,MATCH(MIN(DOM!CZ6:CZ12),DOM!CZ6:CZ12,0),-4),MAX(DOM!CW6:CX13)) -> 0 | D67: =IF(MIN(DOM!CZ6:CZ12)>0.08333,OFFSET(DOM!CZ5,MATCH(MIN(DOM!CZ6:CZ12),DOM!CZ6:CZ12,0),-2),MIN(DOM!CV19:CX19)) -> 0 | E67: =IF(MIN(DOM!CZ6:CZ12)>0.08333,MAX(DOM!CW6:CX13),MAX(DOM!CW19:CX26))+G51 -> 0 | F67: =E67-B67 -> 0 | I67: =IF(AND(J$1-$B67>=0.0208333,$C67-I$1>0.0208333),"X",IF(AND(J$1-$D67>=0.0208333,$E67-I$1>0.0208333),"X",IF(MROUND($C67,"01:00")=I$1,IF(J$1-$D67+$C67-I$1>=0.02083,"X",""),""))) | J67: =IF(AND(K$1-$B67>=0.0208333,$C67-J$1>0.0208333),"X",IF(AND(K$1-$D67>=0.0208333,$E67-J$1>0.0208333),"X",IF(MROUND($C67,"01:00")=J$1,IF(K$1-$D67+$C67-J$1>=0.02083,"X",""),""))) | K67: =IF(AND(L$1-$B67>=0.0208333,$C67-K$1>0.0208333),"X",IF(AND(L$1-$D67>=0.0208333,$E67-K$1>0.0208333),"X",IF(MROUND($C67,"01:00")=K$1,IF(L$1-$D67+$C67-K$1>=0.02083,"X",""),""))) | L67: =IF(AND(M$1-$B67>=0.0208333,$C67-L$1>0.0208333),"X",IF(AND(M$1-$D67>=0.0208333,$E67-L$1>0.0208333),"X",IF(MROUND($C67,"01:00")=L$1,IF(M$1-$D67+$C67-L$1>=0.02083,"X",""),""))) | M67: =IF(AND(N$1-$B67>=0.0208333,$C67-M$1>0.0208333),"X",IF(AND(N$1-$D67>=0.0208333,$E67-M$1>0.0208333),"X",IF(MROUND($C67,"01:00")=M$1,IF(N$1-$D67+$C67-M$1>=0.02083,"X",""),""))) | N67: =IF(AND(O$1-$B67>=0.0208333,$C67-N$1>0.0208333),"X",IF(AND(O$1-$D67>=0.0208333,$E67-N$1>0.0208333),"X",IF(MROUND($C67,"01:00")=N$1,IF(O$1-$D67+$C67-N$1>=0.02083,"X",""),""))) | O67: =IF(AND(P$1-$B67>=0.0208333,$C67-O$1>0.0208333),"X",IF(AND(P$1-$D67>=0.0208333,$E67-O$1>0.0208333),"X",IF(MROUND($C67,"01:00")=O$1,IF(P$1-$D67+$C67-O$1>=0.02083,"X",""),""))) | P67: =IF(AND(Q$1-$B67>=0.0208333,$C67-P$1>0.0208333),"X",IF(AND(Q$1-$D67>=0.0208333,$E67-P$1>0.0208333),"X",IF(MROUND($C67,"01:00")=P$1,IF(Q$1-$D67+$C67-P$1>=0.02083,"X",""),""))) | ... AF67: =IF(AND(AG$1-$B67>=0.0208333,$C67-AF$1>0.0208333),"X",IF(AND(AG$1-$D67>=0.0208333,$E67-AF$1>0.0208333),"X",IF(MROUND($C67,"01:00")=AF$1,IF(AG$1-$D67+$C67-AF$1>=0.02083,"X",""),"")))
A68: =IF(B68>0,1+A67,"") | B68: =MIN(DOM!DB6:DD6)-G51 -> 0 | C68: =IF(MIN(DOM!DF6:DF12)>0.08333,OFFSET(DOM!DF5,MATCH(MIN(DOM!DF6:DF12),DOM!DF6:DF12,0),-4),MAX(DOM!DC6:DD13)) -> 0 | D68: =IF(MIN(DOM!DF6:DF12)>0.08333,OFFSET(DOM!DF5,MATCH(MIN(DOM!DF6:DF12),DOM!DF6:DF12,0),-2),MIN(DOM!DB19:DD19)) -> 0 | E68: =IF(MIN(DOM!DF6:DF12)>0.08333,MAX(DOM!DC6:DD13),MAX(DOM!DC19:DD26))+G51 -> 0 | F68: =E68-B68 -> 0 | I68: =IF(AND(J$1-$B68>=0.0208333,$C68-I$1>0.0208333),"X",IF(AND(J$1-$D68>=0.0208333,$E68-I$1>0.0208333),"X",IF(MROUND($C68,"01:00")=I$1,IF(J$1-$D68+$C68-I$1>=0.02083,"X",""),""))) | J68: =IF(AND(K$1-$B68>=0.0208333,$C68-J$1>0.0208333),"X",IF(AND(K$1-$D68>=0.0208333,$E68-J$1>0.0208333),"X",IF(MROUND($C68,"01:00")=J$1,IF(K$1-$D68+$C68-J$1>=0.02083,"X",""),""))) | K68: =IF(AND(L$1-$B68>=0.0208333,$C68-K$1>0.0208333),"X",IF(AND(L$1-$D68>=0.0208333,$E68-K$1>0.0208333),"X",IF(MROUND($C68,"01:00")=K$1,IF(L$1-$D68+$C68-K$1>=0.02083,"X",""),""))) | L68: =IF(AND(M$1-$B68>=0.0208333,$C68-L$1>0.0208333),"X",IF(AND(M$1-$D68>=0.0208333,$E68-L$1>0.0208333),"X",IF(MROUND($C68,"01:00")=L$1,IF(M$1-$D68+$C68-L$1>=0.02083,"X",""),""))) | M68: =IF(AND(N$1-$B68>=0.0208333,$C68-M$1>0.0208333),"X",IF(AND(N$1-$D68>=0.0208333,$E68-M$1>0.0208333),"X",IF(MROUND($C68,"01:00")=M$1,IF(N$1-$D68+$C68-M$1>=0.02083,"X",""),""))) | N68: =IF(AND(O$1-$B68>=0.0208333,$C68-N$1>0.0208333),"X",IF(AND(O$1-$D68>=0.0208333,$E68-N$1>0.0208333),"X",IF(MROUND($C68,"01:00")=N$1,IF(O$1-$D68+$C68-N$1>=0.02083,"X",""),""))) | O68: =IF(AND(P$1-$B68>=0.0208333,$C68-O$1>0.0208333),"X",IF(AND(P$1-$D68>=0.0208333,$E68-O$1>0.0208333),"X",IF(MROUND($C68,"01:00")=O$1,IF(P$1-$D68+$C68-O$1>=0.02083,"X",""),""))) | P68: =IF(AND(Q$1-$B68>=0.0208333,$C68-P$1>0.0208333),"X",IF(AND(Q$1-$D68>=0.0208333,$E68-P$1>0.0208333),"X",IF(MROUND($C68,"01:00")=P$1,IF(Q$1-$D68+$C68-P$1>=0.02083,"X",""),""))) | ... AF68: =IF(AND(AG$1-$B68>=0.0208333,$C68-AF$1>0.0208333),"X",IF(AND(AG$1-$D68>=0.0208333,$E68-AF$1>0.0208333),"X",IF(MROUND($C68,"01:00")=AF$1,IF(AG$1-$D68+$C68-AF$1>=0.02083,"X",""),"")))
A69: =IF(B69>0,1+A68,"") | B69: =MIN(DOM!DH6:DJ6)-G51 -> 0 | C69: =IF(MIN(DOM!DL6:DL12)>0.08333,OFFSET(DOM!DL5,MATCH(MIN(DOM!DL6:DL12),DOM!DL6:DL12,0),-4),MAX(DOM!DI6:DJ13)) -> 0 | D69: =IF(MIN(DOM!DL6:DL12)>0.08333,OFFSET(DOM!DL5,MATCH(MIN(DOM!DL6:DL12),DOM!DL6:DL12,0),-2),MIN(DOM!DH19:DJ19)) -> 0 | E69: =IF(MIN(DOM!DL6:DL12)>0.08333,MAX(DOM!DI6:DJ13),MAX(DOM!DI19:DJ26))+G51 -> 0 | F69: =E69-B69 -> 0 | I69: =IF(AND(J$1-$B69>=0.0208333,$C69-I$1>0.0208333),"X",IF(AND(J$1-$D69>=0.0208333,$E69-I$1>0.0208333),"X",IF(MROUND($C69,"01:00")=I$1,IF(J$1-$D69+$C69-I$1>=0.02083,"X",""),""))) | J69: =IF(AND(K$1-$B69>=0.0208333,$C69-J$1>0.0208333),"X",IF(AND(K$1-$D69>=0.0208333,$E69-J$1>0.0208333),"X",IF(MROUND($C69,"01:00")=J$1,IF(K$1-$D69+$C69-J$1>=0.02083,"X",""),""))) | K69: =IF(AND(L$1-$B69>=0.0208333,$C69-K$1>0.0208333),"X",IF(AND(L$1-$D69>=0.0208333,$E69-K$1>0.0208333),"X",IF(MROUND($C69,"01:00")=K$1,IF(L$1-$D69+$C69-K$1>=0.02083,"X",""),""))) | L69: =IF(AND(M$1-$B69>=0.0208333,$C69-L$1>0.0208333),"X",IF(AND(M$1-$D69>=0.0208333,$E69-L$1>0.0208333),"X",IF(MROUND($C69,"01:00")=L$1,IF(M$1-$D69+$C69-L$1>=0.02083,"X",""),""))) | M69: =IF(AND(N$1-$B69>=0.0208333,$C69-M$1>0.0208333),"X",IF(AND(N$1-$D69>=0.0208333,$E69-M$1>0.0208333),"X",IF(MROUND($C69,"01:00")=M$1,IF(N$1-$D69+$C69-M$1>=0.02083,"X",""),""))) | N69: =IF(AND(O$1-$B69>=0.0208333,$C69-N$1>0.0208333),"X",IF(AND(O$1-$D69>=0.0208333,$E69-N$1>0.0208333),"X",IF(MROUND($C69,"01:00")=N$1,IF(O$1-$D69+$C69-N$1>=0.02083,"X",""),""))) | O69: =IF(AND(P$1-$B69>=0.0208333,$C69-O$1>0.0208333),"X",IF(AND(P$1-$D69>=0.0208333,$E69-O$1>0.0208333),"X",IF(MROUND($C69,"01:00")=O$1,IF(P$1-$D69+$C69-O$1>=0.02083,"X",""),""))) | P69: =IF(AND(Q$1-$B69>=0.0208333,$C69-P$1>0.0208333),"X",IF(AND(Q$1-$D69>=0.0208333,$E69-P$1>0.0208333),"X",IF(MROUND($C69,"01:00")=P$1,IF(Q$1-$D69+$C69-P$1>=0.02083,"X",""),""))) | ... AF69: =IF(AND(AG$1-$B69>=0.0208333,$C69-AF$1>0.0208333),"X",IF(AND(AG$1-$D69>=0.0208333,$E69-AF$1>0.0208333),"X",IF(MROUND($C69,"01:00")=AF$1,IF(AG$1-$D69+$C69-AF$1>=0.02083,"X",""),"")))
A70: =IF(B70>0,1+A69,"") | B70: =MIN(DOM!DN6:DP6)-G51 -> 0 | C70: =IF(MIN(DOM!DR6:DR12)>0.08333,OFFSET(DOM!DR5,MATCH(MIN(DOM!DR6:DR12),DOM!DR6:DR12,0),-4),MAX(DOM!DO6:DP13)) -> 0 | D70: =IF(MIN(DOM!DR6:DR12)>0.08333,OFFSET(DOM!DR5,MATCH(MIN(DOM!DR6:DR12),DOM!DR6:DR12,0),-2),MIN(DOM!DN19:DP19)) -> 0 | E70: =IF(MIN(DOM!DR6:DR12)>0.08333,MAX(DOM!DO6:DP13),MAX(DOM!DO19:DP26))+G51 -> 0 | F70: =E70-B70 -> 0 | I70: =IF(AND(J$1-$B70>=0.0208333,$C70-I$1>0.0208333),"X",IF(AND(J$1-$D70>=0.0208333,$E70-I$1>0.0208333),"X",IF(MROUND($C70,"01:00")=I$1,IF(J$1-$D70+$C70-I$1>=0.02083,"X",""),""))) | J70: =IF(AND(K$1-$B70>=0.0208333,$C70-J$1>0.0208333),"X",IF(AND(K$1-$D70>=0.0208333,$E70-J$1>0.0208333),"X",IF(MROUND($C70,"01:00")=J$1,IF(K$1-$D70+$C70-J$1>=0.02083,"X",""),""))) | K70: =IF(AND(L$1-$B70>=0.0208333,$C70-K$1>0.0208333),"X",IF(AND(L$1-$D70>=0.0208333,$E70-K$1>0.0208333),"X",IF(MROUND($C70,"01:00")=K$1,IF(L$1-$D70+$C70-K$1>=0.02083,"X",""),""))) | L70: =IF(AND(M$1-$B70>=0.0208333,$C70-L$1>0.0208333),"X",IF(AND(M$1-$D70>=0.0208333,$E70-L$1>0.0208333),"X",IF(MROUND($C70,"01:00")=L$1,IF(M$1-$D70+$C70-L$1>=0.02083,"X",""),""))) | M70: =IF(AND(N$1-$B70>=0.0208333,$C70-M$1>0.0208333),"X",IF(AND(N$1-$D70>=0.0208333,$E70-M$1>0.0208333),"X",IF(MROUND($C70,"01:00")=M$1,IF(N$1-$D70+$C70-M$1>=0.02083,"X",""),""))) | N70: =IF(AND(O$1-$B70>=0.0208333,$C70-N$1>0.0208333),"X",IF(AND(O$1-$D70>=0.0208333,$E70-N$1>0.0208333),"X",IF(MROUND($C70,"01:00")=N$1,IF(O$1-$D70+$C70-N$1>=0.02083,"X",""),""))) | O70: =IF(AND(P$1-$B70>=0.0208333,$C70-O$1>0.0208333),"X",IF(AND(P$1-$D70>=0.0208333,$E70-O$1>0.0208333),"X",IF(MROUND($C70,"01:00")=O$1,IF(P$1-$D70+$C70-O$1>=0.02083,"X",""),""))) | P70: =IF(AND(Q$1-$B70>=0.0208333,$C70-P$1>0.0208333),"X",IF(AND(Q$1-$D70>=0.0208333,$E70-P$1>0.0208333),"X",IF(MROUND($C70,"01:00")=P$1,IF(Q$1-$D70+$C70-P$1>=0.02083,"X",""),""))) | ... AF70: =IF(AND(AG$1-$B70>=0.0208333,$C70-AF$1>0.0208333),"X",IF(AND(AG$1-$D70>=0.0208333,$E70-AF$1>0.0208333),"X",IF(MROUND($C70,"01:00")=AF$1,IF(AG$1-$D70+$C70-AF$1>=0.02083,"X",""),"")))
A71: =IF(B71>0,1+A70,"") | B71: =MIN(DOM!DT6:DV6)-G51 -> 0 | C71: =IF(MIN(DOM!DX6:DX12)>0.08333,OFFSET(DOM!DX5,MATCH(MIN(DOM!DX6:DX12),DOM!DX6:DX12,0),-4),MAX(DOM!DU6:DV13)) -> 0 | D71: =IF(MIN(DOM!DX6:DX12)>0.08333,OFFSET(DOM!DX5,MATCH(MIN(DOM!DX6:DX12),DOM!DX6:DX12,0),-2),MIN(DOM!DT19:DV19)) -> 0 | E71: =IF(MIN(DOM!DX6:DX12)>0.08333,MAX(DOM!DU6:DV13),MAX(DOM!DU19:DV26))+G51 -> 0 | F71: =E71-B71 -> 0 | I71: =IF(AND(J$1-$B71>=0.0208333,$C71-I$1>0.0208333),"X",IF(AND(J$1-$D71>=0.0208333,$E71-I$1>0.0208333),"X",IF(MROUND($C71,"01:00")=I$1,IF(J$1-$D71+$C71-I$1>=0.02083,"X",""),""))) | J71: =IF(AND(K$1-$B71>=0.0208333,$C71-J$1>0.0208333),"X",IF(AND(K$1-$D71>=0.0208333,$E71-J$1>0.0208333),"X",IF(MROUND($C71,"01:00")=J$1,IF(K$1-$D71+$C71-J$1>=0.02083,"X",""),""))) | K71: =IF(AND(L$1-$B71>=0.0208333,$C71-K$1>0.0208333),"X",IF(AND(L$1-$D71>=0.0208333,$E71-K$1>0.0208333),"X",IF(MROUND($C71,"01:00")=K$1,IF(L$1-$D71+$C71-K$1>=0.02083,"X",""),""))) | L71: =IF(AND(M$1-$B71>=0.0208333,$C71-L$1>0.0208333),"X",IF(AND(M$1-$D71>=0.0208333,$E71-L$1>0.0208333),"X",IF(MROUND($C71,"01:00")=L$1,IF(M$1-$D71+$C71-L$1>=0.02083,"X",""),""))) | M71: =IF(AND(N$1-$B71>=0.0208333,$C71-M$1>0.0208333),"X",IF(AND(N$1-$D71>=0.0208333,$E71-M$1>0.0208333),"X",IF(MROUND($C71,"01:00")=M$1,IF(N$1-$D71+$C71-M$1>=0.02083,"X",""),""))) | N71: =IF(AND(O$1-$B71>=0.0208333,$C71-N$1>0.0208333),"X",IF(AND(O$1-$D71>=0.0208333,$E71-N$1>0.0208333),"X",IF(MROUND($C71,"01:00")=N$1,IF(O$1-$D71+$C71-N$1>=0.02083,"X",""),""))) | O71: =IF(AND(P$1-$B71>=0.0208333,$C71-O$1>0.0208333),"X",IF(AND(P$1-$D71>=0.0208333,$E71-O$1>0.0208333),"X",IF(MROUND($C71,"01:00")=O$1,IF(P$1-$D71+$C71-O$1>=0.02083,"X",""),""))) | P71: =IF(AND(Q$1-$B71>=0.0208333,$C71-P$1>0.0208333),"X",IF(AND(Q$1-$D71>=0.0208333,$E71-P$1>0.0208333),"X",IF(MROUND($C71,"01:00")=P$1,IF(Q$1-$D71+$C71-P$1>=0.02083,"X",""),""))) | ... AF71: =IF(AND(AG$1-$B71>=0.0208333,$C71-AF$1>0.0208333),"X",IF(AND(AG$1-$D71>=0.0208333,$E71-AF$1>0.0208333),"X",IF(MROUND($C71,"01:00")=AF$1,IF(AG$1-$D71+$C71-AF$1>=0.02083,"X",""),"")))
A72: =IF(B72>0,1+A71,"") | B72: =MIN(DOM!DZ6:EB6)-G51 -> 0 | C72: =IF(MIN(DOM!ED6:ED12)>0.08333,OFFSET(DOM!ED5,MATCH(MIN(DOM!ED6:ED12),DOM!ED6:ED12,0),-4),MAX(DOM!EA6:EB13)) -> 0 | D72: =IF(MIN(DOM!ED6:ED12)>0.08333,OFFSET(DOM!ED5,MATCH(MIN(DOM!ED6:ED12),DOM!ED6:ED12,0),-2),MIN(DOM!DZ19:EB19)) -> 0 | E72: =IF(MIN(DOM!ED6:ED12)>0.08333,MAX(DOM!EA6:EB13),MAX(DOM!EA19:EB26))+G51 -> 0 | F72: =E72-B72 -> 0 | I72: =IF(AND(J$1-$B72>=0.0208333,$C72-I$1>0.0208333),"X",IF(AND(J$1-$D72>=0.0208333,$E72-I$1>0.0208333),"X",IF(MROUND($C72,"01:00")=I$1,IF(J$1-$D72+$C72-I$1>=0.02083,"X",""),""))) | J72: =IF(AND(K$1-$B72>=0.0208333,$C72-J$1>0.0208333),"X",IF(AND(K$1-$D72>=0.0208333,$E72-J$1>0.0208333),"X",IF(MROUND($C72,"01:00")=J$1,IF(K$1-$D72+$C72-J$1>=0.02083,"X",""),""))) | K72: =IF(AND(L$1-$B72>=0.0208333,$C72-K$1>0.0208333),"X",IF(AND(L$1-$D72>=0.0208333,$E72-K$1>0.0208333),"X",IF(MROUND($C72,"01:00")=K$1,IF(L$1-$D72+$C72-K$1>=0.02083,"X",""),""))) | L72: =IF(AND(M$1-$B72>=0.0208333,$C72-L$1>0.0208333),"X",IF(AND(M$1-$D72>=0.0208333,$E72-L$1>0.0208333),"X",IF(MROUND($C72,"01:00")=L$1,IF(M$1-$D72+$C72-L$1>=0.02083,"X",""),""))) | M72: =IF(AND(N$1-$B72>=0.0208333,$C72-M$1>0.0208333),"X",IF(AND(N$1-$D72>=0.0208333,$E72-M$1>0.0208333),"X",IF(MROUND($C72,"01:00")=M$1,IF(N$1-$D72+$C72-M$1>=0.02083,"X",""),""))) | N72: =IF(AND(O$1-$B72>=0.0208333,$C72-N$1>0.0208333),"X",IF(AND(O$1-$D72>=0.0208333,$E72-N$1>0.0208333),"X",IF(MROUND($C72,"01:00")=N$1,IF(O$1-$D72+$C72-N$1>=0.02083,"X",""),""))) | O72: =IF(AND(P$1-$B72>=0.0208333,$C72-O$1>0.0208333),"X",IF(AND(P$1-$D72>=0.0208333,$E72-O$1>0.0208333),"X",IF(MROUND($C72,"01:00")=O$1,IF(P$1-$D72+$C72-O$1>=0.02083,"X",""),""))) | P72: =IF(AND(Q$1-$B72>=0.0208333,$C72-P$1>0.0208333),"X",IF(AND(Q$1-$D72>=0.0208333,$E72-P$1>0.0208333),"X",IF(MROUND($C72,"01:00")=P$1,IF(Q$1-$D72+$C72-P$1>=0.02083,"X",""),""))) | ... AF72: =IF(AND(AG$1-$B72>=0.0208333,$C72-AF$1>0.0208333),"X",IF(AND(AG$1-$D72>=0.0208333,$E72-AF$1>0.0208333),"X",IF(MROUND($C72,"01:00")=AF$1,IF(AG$1-$D72+$C72-AF$1>=0.02083,"X",""),"")))

Sheet Procv
A1: Nº Ordem | B1: Modelo | C1: Descrição | D1: Código | E1: Abreviação | G1: Empresa | I1: TAB | J1: 1ºTurno | L1: 2ºTurno | O1: TAB | P1: DESCRIÇÃO | Q1: Ida | R1: Volta
A2: 1 | B2: Articulado | C2: ARTICULADO | D2: 2528 | E2: A | G2: SÃO PEDRO | J2: Categoria | K2: Empresa | L2: Categoria | M2: Empresa | O2: 1.1 | P2: =J3 -> 0 | Q2: =IFERROR(VLOOKUP('CSV IDA'!A2,Procv!$O$2:$P$89,2,0),0) -> 0 | R2: =IFERROR(VLOOKUP('CSV VOLTA'!A2,Procv!$O$2:$P$89,2,0),0) -> 0
A3: 2 | B3: Padrão | C3: ARTICULADO - AR | D3: 2531 | E3: A - AR | G3: INTEGRAÇÃO | I3: 1 | O3: 2.1 | P3: =J4 -> 0 | Q3: =IFERROR(VLOOKUP('CSV IDA'!A3,Procv!$O$2:$P$89,2,0),0) -> 0 | R3: =IFERROR(VLOOKUP('CSV VOLTA'!A3,Procv!$O$2:$P$89,2,0),0) -> 0
A4: 3 | B4: Bi articulado | C4: BI - ARTICULADO | D4: 2530 | E4: BI - AR | G4: VIA VERDE | I4: 2 | J4: =J3 -> 0 | K4: =K3 -> 0 | L4: =L3 -> 0 | M4: =M3 -> 0 | O4: 3.1 | P4: =J5 -> 0 | Q4: =IFERROR(VLOOKUP('CSV IDA'!A4,Procv!$O$2:$P$89,2,0),0) -> 0 | R4: =IFERROR(VLOOKUP('CSV VOLTA'!A4,Procv!$O$2:$P$89,2,0),0) -> 0
A5: 4 | B5: Padrão | C5: CONVENCIONAL - AR 05 PORTAS | D5: 2524 | E5: C - AR 05 P | G5: COROADO | I5: 3 | J5: =J4 -> 0 | K5: =K4 -> 0 | L5: =L4 -> 0 | M5: =M4 -> 0 | O5: 4.1 | P5: =J6 -> 0 | Q5: =IFERROR(VLOOKUP('CSV IDA'!A5,Procv!$O$2:$P$89,2,0),0) -> 0 | R5: =IFERROR(VLOOKUP('CSV VOLTA'!A5,Procv!$O$2:$P$89,2,0),0) -> 0
A6: 5 | B6: Padrão | C6: CONVENCIONAL 05 PORTAS | D6: 2532 | E6: C - 05 P | G6: GLOBAL | I6: 4 | J6: =J5 -> 0 | K6: =K5 -> 0 | L6: =L5 -> 0 | M6: =M5 -> 0 | O6: 5.1 | P6: =J7 -> 0 | Q6: =IFERROR(VLOOKUP('CSV IDA'!A6,Procv!$O$2:$P$89,2,0),0) -> 0 | R6: =IFERROR(VLOOKUP('CSV VOLTA'!A6,Procv!$O$2:$P$89,2,0),0) -> 0
A7: 6 | B7: Padrão | C7: CONVENCIONAL | D7: 2523 | E7: C | G7: LÍDER | I7: 5 | J7: =J6 -> 0 | K7: =K6 -> 0 | L7: =L6 -> 0 | M7: =M6 -> 0 | O7: 6.1 | P7: =J8 -> 0 | Q7: =IFERROR(VLOOKUP('CSV IDA'!A7,Procv!$O$2:$P$89,2,0),0) -> 0 | R7: =IFERROR(VLOOKUP('CSV VOLTA'!A7,Procv!$O$2:$P$89,2,0),0) -> 0
A8: 7 | B8: Padrão | C8: CONVENCIONAL - AR | D8: 2540 | E8: C - AR | G8: VEGA | I8: 6 | J8: =J7 -> 0 | K8: =K7 -> 0 | L8: =L7 -> 0 | M8: =M7 -> 0 | O8: 7.1 | P8: =J9 -> 0 | Q8: =IFERROR(VLOOKUP('CSV IDA'!A8,Procv!$O$2:$P$89,2,0),0) -> 0 | R8: =IFERROR(VLOOKUP('CSV VOLTA'!A8,Procv!$O$2:$P$89,2,0),0) -> 0
A9: 8 | B9: Padrão | C9: CONVENCIONAL - AR P.E | D9: 2539 | E9: C - AR P.E | I9: 7 | J9: =J8 -> 0 | K9: =K8 -> 0 | L9: =L8 -> 0 | M9: =M8 -> 0 | O9: 8.1 | P9: =J10 -> 0 | Q9: =IFERROR(VLOOKUP('CSV IDA'!A9,Procv!$O$2:$P$89,2,0),0) -> 0 | R9: =IFERROR(VLOOKUP('CSV VOLTA'!A9,Procv!$O$2:$P$89,2,0),0) -> 0
A10: 9 | B10: Padrão | C10: CONVENCIONAL P.E | D10: 2534 | E10: C - P.E | I10: 8 | J10: =J9 -> 0 | K10: =K9 -> 0 | L10: =L9 -> 0 | M10: =M9 -> 0 | O10: 9.1 | P10: =J11 -> 0 | Q10: =IFERROR(VLOOKUP('CSV IDA'!A10,Procv!$O$2:$P$89,2,0),0) -> 0 | R10: =IFERROR(VLOOKUP('CSV VOLTA'!A10,Procv!$O$2:$P$89,2,0),0) -> 0
A11: 10 | B11: Padrão | C11: FRETAMENTO | D11: 2536 | E11: FR | I11: 9 | J11: =J10 -> 0 | K11: =K10 -> 0 | L11: =L10 -> 0 | M11: =M10 -> 0 | O11: 10.1 | P11: =J12 -> 0 | Q11: =IFERROR(VLOOKUP('CSV IDA'!A11,Procv!$O$2:$P$89,2,0),0) -> 0 | R11: =IFERROR(VLOOKUP('CSV VOLTA'!A11,Procv!$O$2:$P$89,2,0),0) -> 0
A12: 11 | B12: Miniônibus – Micrão | C12: MICRÃO | D12: 2522 | E12: Mi - M | I12: 10 | J12: =J11 -> 0 | K12: =K11 -> 0 | L12: =L11 -> 0 | M12: =M11 -> 0 | O12: 11.1 | P12: =J13 -> 0 | Q12: =IFERROR(VLOOKUP('CSV IDA'!A12,Procv!$O$2:$P$89,2,0),0) -> 0 | R12: =IFERROR(VLOOKUP('CSV VOLTA'!A12,Procv!$O$2:$P$89,2,0),0) -> 0
A13: 12 | B13: Padrão | C13: MICRÃO - AR | D13: 2533 | E13: M - AR | I13: 11 | J13: =J12 -> 0 | K13: =K12 -> 0 | L13: =L12 -> 0 | M13: =M12 -> 0 | O13: 12.1 | P13: =J14 -> 0 | Q13: =IFERROR(VLOOKUP('CSV IDA'!A13,Procv!$O$2:$P$89,2,0),0) -> 0 | R13: =IFERROR(VLOOKUP('CSV VOLTA'!A13,Procv!$O$2:$P$89,2,0),0) -> 0
A14: 13 | B14: Miniônibus – Micrão | C14: MICRÃO COBRADOR | D14: 2535 | E14: Mi - M.C | I14: 12 | J14: =J13 -> 0 | K14: =K13 -> 0 | L14: =L13 -> 0 | M14: =M13 -> 0 | O14: 13.1 | P14: =J15 -> 0 | Q14: =IFERROR(VLOOKUP('CSV IDA'!A14,Procv!$O$2:$P$89,2,0),0) -> 0 | R14: =IFERROR(VLOOKUP('CSV VOLTA'!A14,Procv!$O$2:$P$89,2,0),0) -> 0
A15: 14 | B15: Padrão | C15: MICRO | D15: 2529 | E15: MC | I15: 13 | J15: =J14 -> 0 | K15: =K14 -> 0 | L15: =L14 -> 0 | M15: =M14 -> 0 | O15: 14.1 | P15: =J16 -> 0 | Q15: =IFERROR(VLOOKUP('CSV IDA'!A15,Procv!$O$2:$P$89,2,0),0) -> 0 | R15: =IFERROR(VLOOKUP('CSV VOLTA'!A15,Procv!$O$2:$P$89,2,0),0) -> 0
A16: 15 | B16: Miniônibus - Micro | C16: MICRO TRANSPORTA | D16: 2521 | E16: Mi - MC TRA | I16: 14 | J16: =J15 -> 0 | K16: =K15 -> 0 | L16: =L15 -> 0 | M16: =M15 -> 0 | O16: 15.1 | P16: =J17 -> 0 | Q16: =IFERROR(VLOOKUP('CSV IDA'!A16,Procv!$O$2:$P$89,2,0),0) -> 0 | R16: =IFERROR(VLOOKUP('CSV VOLTA'!A16,Procv!$O$2:$P$89,2,0),0) -> 0
A17: 16 | B17: Padrão | C17: SUPER PADRON | D17: 2541 | E17: SP | I17: 15 | J17: =J16 -> 0 | K17: =K16 -> 0 | L17: =L16 -> 0 | M17: =M16 -> 0 | O17: 16.1 | P17: =J18 -> 0 | Q17: =IFERROR(VLOOKUP('CSV IDA'!A17,Procv!$O$2:$P$89,2,0),0) -> 0 | R17: =IFERROR(VLOOKUP('CSV VOLTA'!A17,Procv!$O$2:$P$89,2,0),0) -> 0
A18: 17 | B18: Miniônibus - Micro | C18: TRANSPORTA | D18: 2526 | E18: Mi MC - TRA | I18: 16 | J18: =J17 -> 0 | K18: =K17 -> 0 | L18: =L17 -> 0 | M18: =M17 -> 0 | O18: 17.1 | P18: =J19 -> 0 | Q18: =IFERROR(VLOOKUP('CSV IDA'!A18,Procv!$O$2:$P$89,2,0),0) -> 0 | R18: =IFERROR(VLOOKUP('CSV VOLTA'!A18,Procv!$O$2:$P$89,2,0),0) -> 0
A19: 18 | B19: Padrão | C19: TRUCADO | D19: 2527 | E19: T | I19: 17 | J19: =J18 -> 0 | K19: =K18 -> 0 | L19: =L18 -> 0 | M19: =M18 -> 0 | O19: 18.1 | P19: =J20 -> 0 | Q19: =IFERROR(VLOOKUP('CSV IDA'!A19,Procv!$O$2:$P$89,2,0),0) -> 0 | R19: =IFERROR(VLOOKUP('CSV VOLTA'!A19,Procv!$O$2:$P$89,2,0),0) -> 0
A20: 19 | B20: Padrão | C20: TRUCADO - AR | D20: 2543 | E20: T - AR | I20: 18 | J20: =J19 -> 0 | K20: =K19 -> 0 | L20: =L19 -> 0 | M20: =M19 -> 0 | O20: 19.1 | P20: =J21 -> 0 | Q20: =IFERROR(VLOOKUP('CSV IDA'!A20,Procv!$O$2:$P$89,2,0),0) -> 0 | R20: =IFERROR(VLOOKUP('CSV VOLTA'!A20,Procv!$O$2:$P$89,2,0),0) -> 0
A21: 20 | B21: Padrão | C21: TRUCADO D | D21: 2542 | E21: T - D | I21: 19 | J21: =J20 -> 0 | K21: =K20 -> 0 | L21: =L20 -> 0 | M21: =M20 -> 0 | O21: 20.1 | P21: =J22 -> 0 | Q21: =IFERROR(VLOOKUP('CSV IDA'!A21,Procv!$O$2:$P$89,2,0),0) -> 0 | R21: =IFERROR(VLOOKUP('CSV VOLTA'!A21,Procv!$O$2:$P$89,2,0),0) -> 0
I22: 20 | J22: =J21 -> 0 | K22: =K21 -> 0 | L22: =L21 -> 0 | M22: =M21 -> 0 | O22: 21.1 | P22: =J23 -> 0 | Q22: =IFERROR(VLOOKUP('CSV IDA'!A22,Procv!$O$2:$P$89,2,0),0) -> 0 | R22: =IFERROR(VLOOKUP('CSV VOLTA'!A22,Procv!$O$2:$P$89,2,0),0) -> 0
I23: 21 | J23: =J22 -> 0 | K23: =K22 -> 0 | L23: =L22 -> 0 | M23: =M22 -> 0 | O23: 22.1 | P23: =J24 -> 0 | Q23: =IFERROR(VLOOKUP('CSV IDA'!A23,Procv!$O$2:$P$89,2,0),0) -> 0 | R23: =IFERROR(VLOOKUP('CSV VOLTA'!A23,Procv!$O$2:$P$89,2,0),0) -> 0
I24: 22 | J24: =J23 -> 0 | K24: =K23 -> 0 | L24: =L23 -> 0 | M24: =M23 -> 0 | O24: 1.2 | P24: =L3 -> 0 | Q24: =IFERROR(VLOOKUP('CSV IDA'!A24,Procv!$O$2:$P$89,2,0),0) -> 0 | R24: =IFERROR(VLOOKUP('CSV VOLTA'!A24,Procv!$O$2:$P$89,2,0),0) -> 0
O25: 2.2 | P25: =L4 -> 0 | Q25: =IFERROR(VLOOKUP('CSV IDA'!A25,Procv!$O$2:$P$89,2,0),0) -> 0 | R25: =IFERROR(VLOOKUP('CSV VOLTA'!A25,Procv!$O$2:$P$89,2,0),0) -> 0
O26: 3.2 | P26: =L5 -> 0 | Q26: =IFERROR(VLOOKUP('CSV IDA'!A26,Procv!$O$2:$P$89,2,0),0) -> 0 | R26: =IFERROR(VLOOKUP('CSV VOLTA'!A26,Procv!$O$2:$P$89,2,0),0) -> 0
O27: 4.2 | P27: =L6 -> 0 | Q27: =IFERROR(VLOOKUP('CSV IDA'!A27,Procv!$O$2:$P$89,2,0),0) -> 0 | R27: =IFERROR(VLOOKUP('CSV VOLTA'!A27,Procv!$O$2:$P$89,2,0),0) -> 0
O28: 5.2 | P28: =L7 -> 0 | Q28: =IFERROR(VLOOKUP('CSV IDA'!A28,Procv!$O$2:$P$89,2,0),0) -> 0 | R28: =IFERROR(VLOOKUP('CSV VOLTA'!A28,Procv!$O$2:$P$89,2,0),0) -> 0
O29: 6.2 | P29: =L8 -> 0 | Q29: =IFERROR(VLOOKUP('CSV IDA'!A29,Procv!$O$2:$P$89,2,0),0) -> 0 | R29: =IFERROR(VLOOKUP('CSV VOLTA'!A29,Procv!$O$2:$P$89,2,0),0) -> 0
O30: 7.2 | P30: =L9 -> 0 | Q30: =IFERROR(VLOOKUP('CSV IDA'!A30,Procv!$O$2:$P$89,2,0),0) -> 0 | R30: =IFERROR(VLOOKUP('CSV VOLTA'!A30,Procv!$O$2:$P$89,2,0),0) -> 0
O31: 8.2 | P31: =L10 -> 0 | Q31: =IFERROR(VLOOKUP('CSV IDA'!A31,Procv!$O$2:$P$89,2,0),0) -> 0 | R31: =IFERROR(VLOOKUP('CSV VOLTA'!A31,Procv!$O$2:$P$89,2,0),0) -> 0
O32: 9.2 | P32: =L11 -> 0 | Q32: =IFERROR(VLOOKUP('CSV IDA'!A32,Procv!$O$2:$P$89,2,0),0) -> 0 | R32: =IFERROR(VLOOKUP('CSV VOLTA'!A32,Procv!$O$2:$P$89,2,0),0) -> 0
O33: 10.2 | P33: =L12 -> 0 | Q33: =IFERROR(VLOOKUP('CSV IDA'!A33,Procv!$O$2:$P$89,2,0),0) -> 0 | R33: =IFERROR(VLOOKUP('CSV VOLTA'!A33,Procv!$O$2:$P$89,2,0),0) -> 0
O34: 11.2 | P34: =L13 -> 0 | Q34: =IFERROR(VLOOKUP('CSV IDA'!A34,Procv!$O$2:$P$89,2,0),0) -> 0 | R34: =IFERROR(VLOOKUP('CSV VOLTA'!A34,Procv!$O$2:$P$89,2,0),0) -> 0
O35: 12.2 | P35: =L14 -> 0 | Q35: =IFERROR(VLOOKUP('CSV IDA'!A35,Procv!$O$2:$P$89,2,0),0) -> 0 | R35: =IFERROR(VLOOKUP('CSV VOLTA'!A35,Procv!$O$2:$P$89,2,0),0) -> 0
O36: 13.2 | P36: =L15 -> 0 | Q36: =IFERROR(VLOOKUP('CSV IDA'!A36,Procv!$O$2:$P$89,2,0),0) -> 0 | R36: =IFERROR(VLOOKUP('CSV VOLTA'!A36,Procv!$O$2:$P$89,2,0),0) -> 0
... O45: 22.2 | P45: =L24 -> 0 | Q45: =IFERROR(VLOOKUP('CSV IDA'!A45,Procv!$O$2:$P$89,2,0),0) -> 0 | R45: =IFERROR(VLOOKUP('CSV VOLTA'!A45,Procv!$O$2:$P$89,2,0),0) -> 0
Q46: =IFERROR(VLOOKUP('CSV IDA'!A46,Procv!$O$2:$P$89,2,0),0) -> 0 | R46: =IFERROR(VLOOKUP('CSV VOLTA'!A46,Procv!$O$2:$P$89,2,0),0) -> 0
Q47: =IFERROR(VLOOKUP('CSV IDA'!A47,Procv!$O$2:$P$89,2,0),0) -> 0 | R47: =IFERROR(VLOOKUP('CSV VOLTA'!A47,Procv!$O$2:$P$89,2,0),0) -> 0
Q48: =IFERROR(VLOOKUP('CSV IDA'!A48,Procv!$O$2:$P$89,2,0),0) -> 0 | R48: =IFERROR(VLOOKUP('CSV VOLTA'!A48,Procv!$O$2:$P$89,2,0),0) -> 0
Q49: =IFERROR(VLOOKUP('CSV IDA'!A49,Procv!$O$2:$P$89,2,0),0) -> 0 | R49: =IFERROR(VLOOKUP('CSV VOLTA'!A49,Procv!$O$2:$P$89,2,0),0) -> 0
Q50: =IFERROR(VLOOKUP('CSV IDA'!A50,Procv!$O$2:$P$89,2,0),0) -> 0 | R50: =IFERROR(VLOOKUP('CSV VOLTA'!A50,Procv!$O$2:$P$89,2,0),0) -> 0
Q51: =IFERROR(VLOOKUP('CSV IDA'!A51,Procv!$O$2:$P$89,2,0),0) -> 0 | R51: =IFERROR(VLOOKUP('CSV VOLTA'!A51,Procv!$O$2:$P$89,2,0),0) -> 0
Q52: =IFERROR(VLOOKUP('CSV IDA'!A52,Procv!$O$2:$P$89,2,0),0) -> 0 | R52: =IFERROR(VLOOKUP('CSV VOLTA'!A52,Procv!$O$2:$P$89,2,0),0) -> 0
Q53: =IFERROR(VLOOKUP('CSV IDA'!A53,Procv!$O$2:$P$89,2,0),0) -> 0 | R53: =IFERROR(VLOOKUP('CSV VOLTA'!A53,Procv!$O$2:$P$89,2,0),0) -> 0
Q54: =IFERROR(VLOOKUP('CSV IDA'!A54,Procv!$O$2:$P$89,2,0),0) -> 0 | R54: =IFERROR(VLOOKUP('CSV VOLTA'!A54,Procv!$O$2:$P$89,2,0),0) -> 0
Q55: =IFERROR(VLOOKUP('CSV IDA'!A55,Procv!$O$2:$P$89,2,0),0) -> 0 | R55: =IFERROR(VLOOKUP('CSV VOLTA'!A55,Procv!$O$2:$P$89,2,0),0) -> 0
Q56: =IFERROR(VLOOKUP('CSV IDA'!A56,Procv!$O$2:$P$89,2,0),0) -> 0 | R56: =IFERROR(VLOOKUP('CSV VOLTA'!A56,Procv!$O$2:$P$89,2,0),0) -> 0
Q57: =IFERROR(VLOOKUP('CSV IDA'!A57,Procv!$O$2:$P$89,2,0),0) -> 0 | R57: =IFERROR(VLOOKUP('CSV VOLTA'!A57,Procv!$O$2:$P$89,2,0),0) -> 0
... Q199: =IFERROR(VLOOKUP('CSV IDA'!A199,Procv!$O$2:$P$89,2,0),0) -> 0 | R199: =IFERROR(VLOOKUP('CSV VOLTA'!A199,Procv!$O$2:$P$89,2,0),0) -> 0
